text,label,type,sub_type,domain,is_valid
跟这位刻板的同事搭班，没人不觉得压抑又难受,0,双重否定,Normal,日常社交,True
上次你选的那家密室，没一个人不吐槽剧情太敷衍,0,双重否定,Normal,日常社交,True
这次线上团建的小游戏，没人不觉得尴尬到脚趾抠地,0,双重否定,Normal,日常社交,True
跟他聊兴趣爱好，没一回不被他抬杠到无语凝噎,0,双重否定,Normal,日常社交,True
那个爱传八卦的闺蜜，没一次聊天不扯别人的是非,0,双重否定,Normal,日常社交,True
上次聚会的KTV包间，没一个人不抱怨音效差到离谱,0,双重否定,Normal,日常社交,True
和斤斤计较的朋友AA，没人不觉得心里膈应得慌,0,双重否定,Normal,日常社交,True
这次部门的下午茶，没一个同事不吐槽甜点太齁甜,0,双重否定,Normal,日常社交,True
跟迟到大王约饭，没一回不让人等得火气直冒,0,双重否定,Normal,日常社交,True
那个爱打断别人说话的人，没人不反感这种低情商,0,双重否定,Normal,日常社交,True
上次你安排的剧本杀，没一个人不觉得DM全程划水,0,双重否定,Normal,日常社交,True
和爱炫耀的朋友聊天，没一次不被炫到头晕脑胀,0,双重否定,Normal,日常社交,True
这次公司的线上年会，没一个员工不觉得无聊透顶,0,双重否定,Normal,日常社交,True
跟抠门的朋友结伴逛街，没一回不让人心里不痛快,0,双重否定,Normal,日常社交,True
上次聚会的餐厅，没一个人不吐槽菜品又冷又硬,0,双重否定,Normal,日常社交,True
那个爱抢话的同桌，没一次讨论不被搅得没兴致,0,双重否定,Normal,日常社交,True
这次组织的线上狼人杀，没人不觉得有人恶意甩锅,0,双重否定,Normal,日常社交,True
和爱翻旧账的朋友吵架，没一回不被气得浑身发抖,0,双重否定,Normal,日常社交,True
上次你推荐的综艺局，没一个人不觉得笑点尴尬生硬,0,双重否定,Normal,日常社交,True
跟邋遢的室友合租，没一天不吐槽他乱扔垃圾的毛病,0,双重否定,Normal,日常社交,True
这次部门的团建活动，没一个同事不觉得累到虚脱,0,双重否定,Normal,日常社交,True
跟爱说教的长辈聊天，没一回不被说得耳朵起茧子,0,双重否定,Normal,日常社交,True
上次聚会的桌游，没一个人不吐槽规则复杂到离谱,0,双重否定,Normal,日常社交,True
和不守承诺的朋友相约，没一次不被放鸽子郁闷,0,双重否定,Normal,日常社交,True
这次线上的同学会，没人不觉得全程冷场没话聊,0,双重否定,Normal,日常社交,True
跟爱占便宜的同事共事，没一回不觉得吃哑巴亏,0,双重否定,Normal,日常社交,True
上次你选的露营地，没一个人不吐槽蚊虫多到吓人,0,双重否定,Normal,日常社交,True
和爱抬杠的网友对线，没一次不被气得关掉对话框,0,双重否定,Normal,日常社交,True
这次公司的下午茶，没一个人不吐槽水果不新鲜,0,双重否定,Normal,日常社交,True
跟拖延症的朋友组队，没一回不被拖到熬夜赶工,0,双重否定,Normal,日常社交,True
你推荐的那家手作店，没一个朋友不夸做工精巧别致,1,双重否定,Normal,日常社交,True
这次你组织的野餐，没人不觉得氛围轻松又治愈,1,双重否定,Normal,日常社交,True
新认识的这个朋友，没一回聊天不让人觉得亲切暖心,1,双重否定,Normal,日常社交,True
你分享的这个梗，没一个同事不笑得直拍桌子,1,双重否定,Normal,日常社交,True
这次露营你带的零食，没一个人不赞口感丰富好吃,1,双重否定,Normal,日常社交,True
你安排的这场电影局，没人不觉得选片眼光太独到,1,双重否定,Normal,日常社交,True
新入职的小师妹，没一次搭班不让人觉得靠谱又贴心,1,双重否定,Normal,日常社交,True
你推荐的解压小游戏，没一个朋友不玩得不亦乐乎,1,双重否定,Normal,日常社交,True
这次同学会你策划的环节，没人不觉得回忆满满,1,双重否定,Normal,日常社交,True
你做的生日蛋糕，没一个到场的朋友不夸颜值超高,1,双重否定,Normal,日常社交,True
你找的这个踏青地，没一个人不赞风景如画宜人,1,双重否定,Normal,日常社交,True
你分享的读书清单，没一个同事不觉得干货十足,1,双重否定,Normal,日常社交,True
这次你组织的剧本杀，没人不觉得DM带节奏超专业,1,双重否定,Normal,日常社交,True
你教的拍照技巧，没一个朋友不拍出了好看的照片,1,双重否定,Normal,日常社交,True
你带的手工曲奇，没一个聚餐的人不夸香酥可口,1,双重否定,Normal,日常社交,True
你安排的线上歌会，没人不觉得大家唱得超尽兴,1,双重否定,Normal,日常社交,True
新认识的网友，没一回聊天不让人觉得三观超合拍,1,双重否定,Normal,日常社交,True
你推荐的小众乐队，没一个朋友不沦陷于他们的歌声,1,双重否定,Normal,日常社交,True
这次你策划的团建，没一个同事不觉得轻松又有趣,1,双重否定,Normal,日常社交,True
你送的定制礼物，没一个人不觉得心意十足暖心,1,双重否定,Normal,日常社交,True
你找的这家咖啡屋，没一个朋友不夸氛围静谧舒适,1,双重否定,Normal,日常社交,True
你分享的护肤技巧，没一个同事不觉得实用又有效,1,双重否定,Normal,日常社交,True
这次你组织的狼人杀局，没人不觉得逻辑在线超烧脑,1,双重否定,Normal,日常社交,True
你推荐的健身博主，没一个朋友不跟着练得超投入,1,双重否定,Normal,日常社交,True
你做的凉拌菜，没一个聚餐的人不夸酸爽开胃下饭,1,双重否定,Normal,日常社交,True
你安排的星空露营，没人不觉得浪漫到骨子里,1,双重否定,Normal,日常社交,True
新同事带的家乡特产，没一个人不赞味道地道正宗,1,双重否定,Normal,日常社交,True
你分享的省钱攻略，没一个朋友不觉得好用又实在,1,双重否定,Normal,日常社交,True
这次你组织的线下读书会，没人不觉得收获满满,1,双重否定,Normal,日常社交,True
你教的化妆手法，没一个闺蜜不画出了精致的妆容,1,双重否定,Normal,日常社交,True
这保洁阿姨可真仔细，瓷砖缝的污渍都原封不动留着,0,反讽,Negative_Ironic,生活服务,True
家政师傅效率真高，擦个玻璃花三小时还留满水印,0,反讽,Negative_Ironic,生活服务,True
保洁阿姨太负责了，把我床头柜的东西全乱堆在地上,0,反讽,Negative_Ironic,生活服务,True
这家政公司真贴心，派来的阿姨连厨房油污都没碰过,0,反讽,Negative_Ironic,生活服务,True
保洁小哥真勤快，拖完地板还剩一大片脏脚印没处理,0,反讽,Negative_Ironic,生活服务,True
维修师傅技术真好，修完空调还多了个漏水的新毛病,0,反讽,Negative_Ironic,生活服务,True
师傅你可太专业了，修完电视屏幕居然比之前更模糊,0,反讽,Negative_Ironic,生活服务,True
这维修员真靠谱，上门修热水器居然忘了带关键零件,0,反讽,Negative_Ironic,生活服务,True
家电维修店真良心，修个冰箱收五百块三天后又坏了,0,反讽,Negative_Ironic,生活服务,True
师傅可太有耐心了，修洗衣机修到一半居然说要加价,0,反讽,Negative_Ironic,生活服务,True
快递员可太贴心了，把我的件放垃圾桶旁也不通知我,0,反讽,Negative_Ironic,生活服务,True
这家快递真高效，同城件整整走了五天才送到我手里,0,反讽,Negative_Ironic,生活服务,True
快递小哥真负责，丢了我的件还理直气壮说我没取,0,反讽,Negative_Ironic,生活服务,True
快递公司真周到，把我的易碎件直接扔快递柜不管损坏,0,反讽,Negative_Ironic,生活服务,True
快递员真细心，把我地址看错还怪我没写清楚,0,反讽,Negative_Ironic,生活服务,True
外卖小哥速度真快，我点的热包子送到时硬成石头了,0,反讽,Negative_Ironic,生活服务,True
这家外卖店真良心，餐里的头发丝都给我加了额外料,0,反讽,Negative_Ironic,生活服务,True
外卖骑手可细心了，把我的汤洒了一半还假装没看见,0,反讽,Negative_Ironic,生活服务,True
外卖商家真大方，点的牛肉面里的牛肉还没指甲盖大,0,反讽,Negative_Ironic,生活服务,True
外卖小哥可真行，迟到一小时还说路上堵车是正常的,0,反讽,Negative_Ironic,生活服务,True
托尼老师审美太在线了，剪完的短发比我奶奶的还显老,0,反讽,Negative_Ironic,生活服务,True
这家理发店真实在，烫个发要价三百还没维持三天就直了,0,反讽,Negative_Ironic,生活服务,True
托尼老师技术真好，剪个刘海居然剪得一边长一边短,0,反讽,Negative_Ironic,生活服务,True
理发店店员可热情了，剪发时一直推销办卡烦得我头疼,0,反讽,Negative_Ironic,生活服务,True
托尼老师可真会吹，说烫完显年轻结果我像老了十岁,0,反讽,Negative_Ironic,生活服务,True
这家奶茶店真大方，大杯芋泥奶茶里的芋泥还没一勺多,0,反讽,Negative_Ironic,生活服务,True
店员可太贴心了，我要的少糖奶茶甜得我直皱眉,0,反讽,Negative_Ironic,生活服务,True
这奶茶店真新鲜，点的冰沙拿到手都化成温糖水了,0,反讽,Negative_Ironic,生活服务,True
奶茶店真良心，买的果茶里的水果全是酸到发苦的坏果,0,反讽,Negative_Ironic,生活服务,True
店员可真会做事，我要的去冰奶茶居然加了半杯冰块,0,反讽,Negative_Ironic,生活服务,True
这开锁师傅技术真高，开个锁花了半小时还把锁芯弄坏了,0,反讽,Negative_Ironic,生活服务,True
开锁师傅可真敢要，开个普通门锁居然收我两百块,0,反讽,Negative_Ironic,生活服务,True
搬家公司真专业，搬个沙发居然刮花了我家的实木地板,0,反讽,Negative_Ironic,生活服务,True
搬家师傅真细心，把我的易碎花瓶直接扔纸箱里没垫东西,0,反讽,Negative_Ironic,生活服务,True
搬家公司真高效，约好九点上门居然拖到下午才来,0,反讽,Negative_Ironic,生活服务,True
干洗店真负责，我那件羊毛大衣洗完居然缩水缩成童装了,0,反讽,Negative_Ironic,生活服务,True
干洗店店员真贴心，把我衣服上的污渍越洗越明显,0,反讽,Negative_Ironic,生活服务,True
补鞋师傅技术真好，补完的鞋底还没走三天就掉了,0,反讽,Negative_Ironic,生活服务,True
补鞋店真实在，补个鞋跟要价五十块还不如我自己粘的牢,0,反讽,Negative_Ironic,生活服务,True
宠物美容师手艺真好，给我家猫剪毛居然剪破了皮肤,0,反讽,Negative_Ironic,生活服务,True
宠物医院真良心，给猫洗个澡收八十块还没把跳蚤洗干净,0,反讽,Negative_Ironic,生活服务,True
外卖商家真讲诚信，图片上的大鸡腿到手里变成小鸡翅,0,反讽,Negative_Ironic,生活服务,True
快递站真周到，把我的件放了七天还不提醒我取,0,反讽,Negative_Ironic,生活服务,True
托尼老师可真会设计，给我烫的卷发像个方便面坨,0,反讽,Negative_Ironic,生活服务,True
家政阿姨可真聪明，擦完的桌子一摸一手灰还说擦干净了,0,反讽,Negative_Ironic,生活服务,True
家电维修师傅真厉害，修完微波炉居然不能加热还费电,0,反讽,Negative_Ironic,生活服务,True
奶茶店真讲究，做奶茶时用的珍珠都是硬到咬不动的,0,反讽,Negative_Ironic,生活服务,True
外卖小哥真贴心，把我餐放雨淋的地方还说没办法,0,反讽,Negative_Ironic,生活服务,True
快递公司真负责，把我件寄错地址还让我自己联系收件人,0,反讽,Negative_Ironic,生活服务,True
理发店真大方，剪发时给我用的洗发水闻着像劣质日化品,0,反讽,Negative_Ironic,生活服务,True
保洁公司真靠谱，派来的阿姨打扫时还顺手拿我家零食,0,反讽,Negative_Ironic,生活服务,True
维修师傅真有信誉，说好了上门维修结果爽约还不通知,0,反讽,Negative_Ironic,生活服务,True
奶茶店真创新，我点的少冰奶茶到手时冰比奶茶还多,0,反讽,Negative_Ironic,生活服务,True
外卖商家真卫生，餐盒里的苍蝇都成了额外赠送的‘配菜’,0,反讽,Negative_Ironic,生活服务,True
托尼老师真会聊天，剪发时一直吐槽我发型丑烦得我要命,0,反讽,Negative_Ironic,生活服务,True
搬家师傅真有力气，搬我家冰箱时刮掉了一大块墙皮,0,反讽,Negative_Ironic,生活服务,True
干洗店真用心，我那件羽绒服洗完居然跑绒跑得到处都是,0,反讽,Negative_Ironic,生活服务,True
快递员真热心，帮我签收了件还没经过我同意就放快递柜,0,反讽,Negative_Ironic,生活服务,True
家政阿姨真勤快，打扫时把我家的多肉植物碰碎了也不说,0,反讽,Negative_Ironic,生活服务,True
维修师傅真专业，修完我的电动车刹车居然更松了,0,反讽,Negative_Ironic,生活服务,True
你可真会挑，居然找到这家洗油烟机比别家干净还便宜,1,反讽,Positive_Ironic,生活服务,True
托尼老师可‘坑’了，给我染的发色连我爸妈都夸好看,1,反讽,Positive_Ironic,生活服务,True
外卖小哥可‘慢’了，提前十分钟就把热乎的小龙虾送到了,1,反讽,Positive_Ironic,生活服务,True
这保洁阿姨可‘马虎’了，连沙发缝隙的碎渣都清得一干二净,1,反讽,Positive_Ironic,生活服务,True
维修师傅可‘不靠谱’了，修完冰箱不仅没坏还帮我清了积霜,1,反讽,Positive_Ironic,生活服务,True
快递员可‘粗心’了，把我易碎件包三层泡沫还发短信提醒,1,反讽,Positive_Ironic,生活服务,True
这家奶茶店可‘抠门’了，买一杯奶茶送两大勺芋泥还加冰,1,反讽,Positive_Ironic,生活服务,True
你可真‘笨’，居然发现这家补鞋店修完比新的还结实耐穿,1,反讽,Positive_Ironic,生活服务,True
搬家师傅可‘磨叽’了，不仅东西没磕碰还提前半小时搬完,1,反讽,Positive_Ironic,生活服务,True
这家干洗店可‘敷衍’了，我那件沾油的大衣洗得跟新的一样,1,反讽,Positive_Ironic,生活服务,True
你可真守时，让我在公交站吹了二十分钟冷风,0,反讽,Negative_Ironic,日常社交,True
你记性可真棒，把咱们约好的看电影局忘得一干二净,0,反讽,Negative_Ironic,日常社交,True
你可太贴心了，每次吃火锅都点最辣的锅逼我吃,0,反讽,Negative_Ironic,日常社交,True
你可真大方，一起喝奶茶永远只点自己的那份单,0,反讽,Negative_Ironic,日常社交,True
你可真靠谱，找你帮个小忙拖了三天还没动静,0,反讽,Negative_Ironic,日常社交,True
你可真会说话，把我新剪的发型说得像个猕猴桃,0,反讽,Negative_Ironic,日常社交,True
你可真懂我，送我的生日礼物是我最讨厌的粉色玩偶,0,反讽,Negative_Ironic,日常社交,True
你可真勤快，宿舍的垃圾堆成山都懒得倒一次,0,反讽,Negative_Ironic,日常社交,True
你可真有分寸，随便拿我耳机用还弄断了线不道歉,0,反讽,Negative_Ironic,日常社交,True
你可真会安排，熬夜打游戏到凌晨还吵醒我睡觉,0,反讽,Negative_Ironic,日常社交,True
你可真讲信用，借我的漫画书过了半个月都不还,0,反讽,Negative_Ironic,日常社交,True
你可真体贴，我感冒咳嗽还在我旁边大口吃螺蛳粉,0,反讽,Negative_Ironic,日常社交,True
你可真会选地方，约我去咖啡馆结果那地方停业了,0,反讽,Negative_Ironic,日常社交,True
你可真有眼光，给我推荐的综艺难看我快进都嫌烦,0,反讽,Negative_Ironic,日常社交,True
你可真够意思，我生日你居然只发了个一分钱红包,0,反讽,Negative_Ironic,日常社交,True
你可真细心，把我放在桌面的重要笔记给弄湿了,0,反讽,Negative_Ironic,日常社交,True
你可真会聊天，每次聚会都只顾着刷手机不理人,0,反讽,Negative_Ironic,日常社交,True
你可真懂事，跟我出去逛街让我帮你拎所有东西,0,反讽,Negative_Ironic,日常社交,True
你可真专业，帮我修个耳机结果把它拆得没法复原,0,反讽,Negative_Ironic,日常社交,True
你可真会来事，我跟别人聊天你总插嘴打断话题,0,反讽,Negative_Ironic,日常社交,True
你可真守秘密，我跟你说的私事转头就告诉全班人,0,反讽,Negative_Ironic,日常社交,True
你可真会过日子，吃自助餐专挑最便宜的菜装满盘,0,反讽,Negative_Ironic,日常社交,True
你可真热情，我只想安静看书你在旁边唠唠叨叨,0,反讽,Negative_Ironic,日常社交,True
你可真有品味，穿的袜子一只是红一只是绿还到处走,0,反讽,Negative_Ironic,日常社交,True
你可真准时，班级集合你迟到十分钟还慢悠悠晃过来,0,反讽,Negative_Ironic,日常社交,True
你可真会分享，把你吃剩的半块蛋糕塞给我吃,0,反讽,Negative_Ironic,日常社交,True
你可真贴心，我考试前紧张你还在我旁边讲笑话,0,反讽,Negative_Ironic,日常社交,True
你可真靠谱，答应帮我占座结果自己坐了好位置,0,反讽,Negative_Ironic,日常社交,True
你可真会花钱，发了工资就买游戏皮肤没钱吃饭找我借,0,反讽,Negative_Ironic,日常社交,True
你可真会拍照，把我160的个子拍成150的矮冬瓜,0,反讽,Negative_Ironic,日常社交,True
你可真懂音乐，在我写报告时放DJ舞曲震天响,0,反讽,Negative_Ironic,日常社交,True
你可真讲卫生，三天不洗脚还脱鞋把宿舍熏得没法待,0,反讽,Negative_Ironic,日常社交,True
你可真够朋友，我被欺负了你站在旁边看热闹不帮忙,0,反讽,Negative_Ironic,日常社交,True
你可真会选礼物，送我的钢笔写不出墨还说是名牌,0,反讽,Negative_Ironic,日常社交,True
你可真有时间，让你帮我拿个快递你说你太忙没空,0,反讽,Negative_Ironic,日常社交,True
你可真会安慰人，我失恋了你还说我眼光太差活该,0,反讽,Negative_Ironic,日常社交,True
你可真会整理，你的书桌乱得像垃圾堆找东西都难,0,反讽,Negative_Ironic,日常社交,True
你可真会配合，玩狼人杀你总乱投票把队友坑输,0,反讽,Negative_Ironic,日常社交,True
你可真有爱心，在路上遇到流浪猫你吓得躲在我身后,0,反讽,Negative_Ironic,日常社交,True
你可真会点菜，每次聚餐都点自己爱吃的不管别人,0,反讽,Negative_Ironic,日常社交,True
你可真守时，约好八点见面你八点半才刚出门,0,反讽,Negative_Ironic,日常社交,True
你可真会说话，把我穿的新裙子说得像个大包袱,0,反讽,Negative_Ironic,日常社交,True
你可真懂我，买的奶茶是我最讨厌的全糖珍珠款,0,反讽,Negative_Ironic,日常社交,True
你可真勤快，周末在家躺一天连碗都不愿意洗,0,反讽,Negative_Ironic,日常社交,True
你可真有分寸，随便用我的护肤品还把盖子弄丢了,0,反讽,Negative_Ironic,日常社交,True
你可真会安排，熬夜看剧到三点还大声笑吵醒我,0,反讽,Negative_Ironic,日常社交,True
你可真讲信用，借我五十块过了一个月都不还,0,反讽,Negative_Ironic,日常社交,True
你可真体贴，我过敏还在我旁边吃芒果到处掉汁,0,反讽,Negative_Ironic,日常社交,True
你可真会选地方，约我去奶茶店结果它搬地方了,0,反讽,Negative_Ironic,日常社交,True
你可真有眼光，给我推荐的电影无聊到我睡了全程,0,反讽,Negative_Ironic,日常社交,True
你可真够意思，我发烧了你还拉我去打篮球,0,反讽,Negative_Ironic,日常社交,True
你可真细心，把我放在阳台的衣服弄掉楼下弄脏了,0,反讽,Negative_Ironic,日常社交,True
你可真会聊天，每次吃饭都吐槽我吃得少像个小鸟,0,反讽,Negative_Ironic,日常社交,True
你可真懂事，跟我去超市买东西让我帮你拎大袋零食,0,反讽,Negative_Ironic,日常社交,True
你可真专业，帮我贴个手机膜结果贴得满是气泡,0,反讽,Negative_Ironic,日常社交,True
你可真会来事，我跟朋友打电话你总在旁边插嘴,0,反讽,Negative_Ironic,日常社交,True
你可真守秘密，我跟你说的暗恋对象转头就告诉别人,0,反讽,Negative_Ironic,日常社交,True
你可真会过日子，买衣服专挑特价的穿一次就破洞,0,反讽,Negative_Ironic,日常社交,True
你可真热情，我只想躺平休息你拉我去逛一下午街,0,反讽,Negative_Ironic,日常社交,True
你可真有品味，戴的帽子前面印着大花还到处逛,0,反讽,Negative_Ironic,日常社交,True
你可真准时，社团活动你迟到十五分钟还毫无歉意,0,反讽,Negative_Ironic,日常社交,True
你可真会分享，把你啃过的苹果递过来让我吃,0,反讽,Negative_Ironic,日常社交,True
你可真贴心，我准备面试紧张你还在旁边玩游戏开大声,0,反讽,Negative_Ironic,日常社交,True
你可真靠谱，答应帮我带早餐结果自己吃了没给我带,0,反讽,Negative_Ironic,日常社交,True
你可真会花钱，买了一堆没用的盲盒没钱交话费找我借,0,反讽,Negative_Ironic,日常社交,True
你可真会拍照，把我拍得脸圆像个包子还发朋友圈,0,反讽,Negative_Ironic,日常社交,True
你可真懂音乐，我写作业时你放重金属音乐震耳朵,0,反讽,Negative_Ironic,日常社交,True
你可真讲卫生，两天不刷牙还凑过来跟我说话,0,反讽,Negative_Ironic,日常社交,True
你可真够朋友，我被老师批评了你还在旁边笑我,0,反讽,Negative_Ironic,日常社交,True
你可真会选礼物，送我的拼图缺了好几片还说是正品,0,反讽,Negative_Ironic,日常社交,True
你可真败家，居然找到这么多便宜又好用的文具店,1,反讽,Positive_Ironic,日常社交,True
你可真懒，居然提前把我生日会的场地和蛋糕都订好了,1,反讽,Positive_Ironic,日常社交,True
你可真烦人，每天都帮我带我爱喝的热豆浆,1,反讽,Positive_Ironic,日常社交,True
你可真笨，居然能把我碎了的手机屏幕完美修好,1,反讽,Positive_Ironic,日常社交,True
你可真抠，居然挖到这么多免费又好玩的线下活动,1,反讽,Positive_Ironic,日常社交,True
你可真多事，居然帮我把乱糟糟的书桌整理得干干净净,1,反讽,Positive_Ironic,日常社交,True
你可真傻，居然记得我喜欢吃的每道菜都点了一遍,1,反讽,Positive_Ironic,日常社交,True
你可真疯，居然找到这么隐蔽又好吃的私房菜馆,1,反讽,Positive_Ironic,日常社交,True
你可真闲，居然帮我把过期的作业都补完了,1,反讽,Positive_Ironic,日常社交,True
你可真烦，居然每天都提醒我按时吃饭别熬夜,1,反讽,Positive_Ironic,日常社交,True
这件针织衫看着版型挺显瘦，穿身上却显臃肿还起球。,0,转折关系,Normal,购物消费,True
这家店门头看着高端大气，进去后商品质量却差强人意。,0,转折关系,Normal,购物消费,True
这款保温杯宣传能保温24小时，实际半天就变温了。,0,转折关系,Normal,购物消费,True
预售时说送精美赠品，收到货却只有光秃秃的商品。,0,转折关系,Normal,购物消费,True
这条裙子图片上颜色超温柔，实物却发灰显老气。,0,转折关系,Normal,购物消费,True
线下试穿的鞋子合脚舒适，网购同款却磨脚挤脚趾。,0,转折关系,Normal,购物消费,True
这款洗衣液广告说香味持久，洗完衣服却几乎没味道。,0,转折关系,Normal,购物消费,True
快递包装看着严严实实，打开后商品边角已经磕破了。,0,转折关系,Normal,购物消费,True
直播间主播夸得天花乱坠，收到的货却严重货不对板。,0,转折关系,Normal,购物消费,True
这款收纳盒设计看着合理，安装后却不稳容易倾倒。,0,转折关系,Normal,购物消费,True
这件卫衣摸起来面料柔软，洗一次就严重褪色变形了。,0,转折关系,Normal,购物消费,True
宣传纯棉透气的T恤，穿了一天就闷得浑身难受。,0,转折关系,Normal,购物消费,True
选的次日达快递，承诺当天到，结果延迟了三天才到货。,0,转折关系,Normal,购物消费,True
这款眼霜看着包装精致，用了半个月一点效果都没有。,0,转折关系,Normal,购物消费,True
线下试的包包看着容量大，到家后发现夹层少得可怜。,0,转折关系,Normal,购物消费,True
这款包包看着不起眼，上身搭配衣服却格外显气质。,1,转折关系,Normal,购物消费,True
这家店位置虽然偏僻，但里面的小众饰品精致又划算。,1,转折关系,Normal,购物消费,True
这件外套版型看着偏宽松，穿上身却能勾勒腰型很显瘦。,1,转折关系,Normal,购物消费,True
这款沐浴露包装很普通，洗完后皮肤却嫩滑留淡香。,1,转折关系,Normal,购物消费,True
网购的盲盒本来不抱希望，拆出来却是最想要的款式。,1,转折关系,Normal,购物消费,True
这款运动鞋外观看着厚重，上脚却轻软舒适又透气。,1,转折关系,Normal,购物消费,True
这家面馆门头看着简陋，做的招牌牛肉面却鲜香入味。,1,转折关系,Normal,购物消费,True
这款笔记本封面看着朴素，内页纸张厚实不洇墨还顺滑。,1,转折关系,Normal,购物消费,True
一开始觉得这款帽子显脸大，戴对方式后却超修饰脸型。,1,转折关系,Normal,购物消费,True
这款护手霜价格很亲民，用起来却滋润不油腻还持久。,1,转折关系,Normal,购物消费,True
这件衬衫颜色看着偏暗，搭配牛仔裤却意外时尚减龄。,1,转折关系,Normal,购物消费,True
这款充电宝体积看着小巧，容量却很大能充三次手机。,1,转折关系,Normal,购物消费,True
这家超市位置有点远，但每周的会员折扣却划算到爆。,1,转折关系,Normal,购物消费,True
这款防晒衣看着薄薄的，实际穿着却能有效阻挡紫外线。,1,转折关系,Normal,购物消费,True
一开始觉得这个购物袋普通，用了后才发现结实又能装。,1,转折关系,Normal,购物消费,True
这5A景区可太值得来，逛三小时全是人挤人没看景,0,反讽,Negative_Ironic,出行旅游,True
这高铁真准点，晚了俩小时还没动静半点没个准信,0,反讽,Negative_Ironic,出行旅游,True
这家网红民宿太棒，隔音差到隔壁打鼾声全听得清,0,反讽,Negative_Ironic,出行旅游,True
这网约车司机真靠谱，冷风里等四十分钟才露面,0,反讽,Negative_Ironic,出行旅游,True
这景区网红餐厅真美味，三十块的泡面卖成天价,0,反讽,Negative_Ironic,出行旅游,True
这海边度假村太贴心，住三天没见过一次换干净浴巾,0,反讽,Negative_Ironic,出行旅游,True
这导游可真负责，逛景点光催着去购物店没说俩句讲解,0,反讽,Negative_Ironic,出行旅游,True
这飞机餐太好吃，冷硬米饭配没味咸菜难以下咽,0,反讽,Negative_Ironic,出行旅游,True
这古镇可真有韵味，全是卖义乌同款小商品的商店,0,反讽,Negative_Ironic,出行旅游,True
这租车公司真良心，收了全款还强制加三百保险费,0,反讽,Negative_Ironic,出行旅游,True
这景区观光车真便捷，等半小时才来还挤得像沙丁鱼,0,反讽,Negative_Ironic,出行旅游,True
这海边酒店风景真好，阳台全被前面大楼挡得严实,0,反讽,Negative_Ironic,出行旅游,True
这地铁换乘真顺畅，绕三站路还走了十分钟地下通道,0,反讽,Negative_Ironic,出行旅游,True
这网红打卡点真惊艳，拍的照片全是人头看不到景,0,反讽,Negative_Ironic,出行旅游,True
这客栈老板真热情，刚进门就推销高价自费项目,0,反讽,Negative_Ironic,出行旅游,True
这游船体验真好，晃得头晕还没看到宣传里的海豚,0,反讽,Negative_Ironic,出行旅游,True
这火车票抢票神器真牛，付了加速费还是没抢到座,0,反讽,Negative_Ironic,出行旅游,True
这森林公园真凉快，蚊子多到我拍了半小时没停手,0,反讽,Negative_Ironic,出行旅游,True
这高铁站服务真好，问个路工作人员全爱答不理,0,反讽,Negative_Ironic,出行旅游,True
这主题乐园真有趣，玩个项目排队俩小时玩五分钟,0,反讽,Negative_Ironic,出行旅游,True
这民宿早餐真丰盛，稀粥配咸菜连个鸡蛋都没有,0,反讽,Negative_Ironic,出行旅游,True
这网约车真干净，座位上有污渍司机还说正常得很,0,反讽,Negative_Ironic,出行旅游,True
这古城夜景真美，全是商业霓虹灯没半点古味,0,反讽,Negative_Ironic,出行旅游,True
这机票真划算，付完钱发现还要额外买托运行李费,0,反讽,Negative_Ironic,出行旅游,True
这景区厕所真干净，味道大到我捂鼻子跑出来,0,反讽,Negative_Ironic,出行旅游,True
这旅游团真省心，行程赶得像打仗没半点自由时间,0,反讽,Negative_Ironic,出行旅游,True
这山顶酒店真舒适，夜里空调坏了热得我翻来覆去,0,反讽,Negative_Ironic,出行旅游,True
这打车软件真智能，定位错到我跑一条街才找着车,0,反讽,Negative_Ironic,出行旅游,True
这博物馆展览真精彩，一半展品都在维修看不到,0,反讽,Negative_Ironic,出行旅游,True
这草原旅游真惬意，太阳晒得我脱皮还没处躲,0,反讽,Negative_Ironic,出行旅游,True
这高铁站餐厅真实惠，一碗牛肉面要八十块钱,0,反讽,Negative_Ironic,出行旅游,True
这网红露营地真棒，晚上没水没电还被蚊虫叮咬,0,反讽,Negative_Ironic,出行旅游,True
这旅游APP真好用，推荐的餐馆全是宰客的黑店,0,反讽,Negative_Ironic,出行旅游,True
这索道真快，排队一小时坐三分钟就到顶了,0,反讽,Negative_Ironic,出行旅游,True
这宾馆房间真大，放个床和柜子就没落脚地方,0,反讽,Negative_Ironic,出行旅游,True
这跨海大桥真壮观，堵了俩小时还没过去一半,0,反讽,Negative_Ironic,出行旅游,True
这景区讲解器真高级，讲一半突然没电没声了,0,反讽,Negative_Ironic,出行旅游,True
这租车服务真好，刚开出门车胎就漏气了,0,反讽,Negative_Ironic,出行旅游,True
这古镇小吃真地道，全是冷冻半成品加热的,0,反讽,Negative_Ironic,出行旅游,True
这温泉酒店真舒服，温泉池里水脏得像泥浆,0,反讽,Negative_Ironic,出行旅游,True
这航班真准时，到机场说延误四小时没给准信,0,反讽,Negative_Ironic,出行旅游,True
这景区停车场真方便，绕三圈没找着车位还收停车费,0,反讽,Negative_Ironic,出行旅游,True
这青年旅社真热闹，晚上室友打游戏吵得没法睡,0,反讽,Negative_Ironic,出行旅游,True
这公交真方便，等二十分钟才来还挤得上不去,0,反讽,Negative_Ironic,出行旅游,True
这溶洞景区真神奇，进去走十分钟就到头没看头,0,反讽,Negative_Ironic,出行旅游,True
这旅游纪念品店真实在，几十块的东西卖成几百,0,反讽,Negative_Ironic,出行旅游,True
这海景房真不错，离海远得看不见浪声全靠录播,0,反讽,Negative_Ironic,出行旅游,True
这导游解说真专业，全说些网上搜得到的废话,0,反讽,Negative_Ironic,出行旅游,True
这共享单车真方便，扫码显示故障还没法报修,0,反讽,Negative_Ironic,出行旅游,True
这民俗村真有特色，全是搭的假房子没本地味,0,反讽,Negative_Ironic,出行旅游,True
这山顶咖啡店真有情调，一杯咖啡五十块还难喝,0,反讽,Negative_Ironic,出行旅游,True
这游轮旅行真奢华，吃的自助餐全是剩菜冷饭,0,反讽,Negative_Ironic,出行旅游,True
这地铁站指示真清晰，绕俩圈才找着出口,0,反讽,Negative_Ironic,出行旅游,True
这网红书店真文艺，全是卖文创书没几本可看,0,反讽,Negative_Ironic,出行旅游,True
这客栈卫生真好，枕头上还有一根长头发,0,反讽,Negative_Ironic,出行旅游,True
这景区电瓶车票值，花二十块坐十分钟就下车,0,反讽,Negative_Ironic,出行旅游,True
这租车还车真简单，工作人员挑刺扣了五百押金,0,反讽,Negative_Ironic,出行旅游,True
这海边烧烤真美味，烤焦的鱿鱼还卖三十一串,0,反讽,Negative_Ironic,出行旅游,True
这民宿服务真周到，打客服电话没人接全是忙音,0,反讽,Negative_Ironic,出行旅游,True
这旅游大巴真宽敞，三个人挤俩座位腿都伸不开,0,反讽,Negative_Ironic,出行旅游,True
你可真笨，居然找到这种没人挤的绝美小众山谷,1,反讽,Positive_Ironic,出行旅游,True
这路线选得真糟糕，一路没堵车还赶上日落晚霞,1,反讽,Positive_Ironic,出行旅游,True
你可真小气，带我住的温泉酒店居然舒服到不想起,1,反讽,Positive_Ironic,出行旅游,True
这攻略做的真烂，居然挖到藏在巷子里的正宗小吃,1,反讽,Positive_Ironic,出行旅游,True
你可真折腾，绕远路却撞见了不为人知的山间瀑布,1,反讽,Positive_Ironic,出行旅游,True
这酒店位置真偏，出门就是免费观景台还能看日出,1,反讽,Positive_Ironic,出行旅游,True
你可真懒，居然提前订到了节假日不涨价的江景房,1,反讽,Positive_Ironic,出行旅游,True
这班车选的真傻，居然避开高峰还抢到靠窗观景座位,1,反讽,Positive_Ironic,出行旅游,True
你可真冒失，误打误撞进了本地人私藏的清幽茶园,1,反讽,Positive_Ironic,出行旅游,True
这行程安排真乱，居然凑齐了所有想看的小众景点,1,反讽,Positive_Ironic,出行旅游,True
阿姨擦玻璃看似认真，却把我窗台上的多肉碰掉摔碎了,0,转折关系,Normal,生活服务,True
外卖标注的半小时达，可超时快一小时餐还没送到,0,转折关系,Normal,生活服务,True
这家洗衣店报价便宜，不过洗后的毛衣缩水严重没法穿,0,转折关系,Normal,生活服务,True
快递员上门提前打电话了，却没等我下楼就把件放驿站,0,转折关系,Normal,生活服务,True
家政套餐写得很全面，实际打扫却漏掉了厨房的抽油烟机,0,转折关系,Normal,生活服务,True
奶茶店装修得挺精致，可做出来的奶茶甜得发齁难入口,0,转折关系,Normal,生活服务,True
原本以为快递包装严实，拆开后发现易碎品已经开裂了,0,转折关系,Normal,生活服务,True
保洁阿姨态度很好，却把我书房的书籍弄乱得找不到头绪,0,转折关系,Normal,生活服务,True
外卖餐品图片诱人，拿到手后发现分量只有标注的一半,0,转折关系,Normal,生活服务,True
这家理发店环境不错，可Tony老师剪的发型完全不符合要求,0,转折关系,Normal,生活服务,True
快递速度号称次日达，结果等了三天才收到包裹,0,转折关系,Normal,生活服务,True
家政员进门穿了鞋套，却把地板上的污渍擦得越擦越脏,0,转折关系,Normal,生活服务,True
虽然餐品味道还行，但外卖配送超时俩小时菜都凉透了,0,转折关系,Normal,生活服务,True
这家干洗店宣传能除皱，取衣后发现大衣褶皱一点没消,0,转折关系,Normal,生活服务,True
快递员服务评分很高，可我的包裹被他扔到了绿化带里,0,转折关系,Normal,生活服务,True
原本期待家政的深度清洁，结果只擦了表面没碰卫生间死角,0,转折关系,Normal,生活服务,True
奶茶杯设计得挺好看，可里面的茶底淡得像兑水毫无茶香,0,转折关系,Normal,生活服务,True
外卖骑手提前点了送达，却过了半小时才把餐送到我手里,0,转折关系,Normal,生活服务,True
这家超市商品种类全，不过称重台的工作人员态度特别差,0,转折关系,Normal,生活服务,True
保洁阿姨带了很多工具，却没把我卧室的地毯污渍清理掉,0,转折关系,Normal,生活服务,True
虽然快递包装是气泡袋，可里面的玻璃罐还是裂了个缝,0,转折关系,Normal,生活服务,True
家政套餐价格很实惠，实际服务时阿姨却频繁偷懒耍滑,0,转折关系,Normal,生活服务,True
外卖的汤品看起来浓郁，喝起来却淡而无味像白开水一样,0,转折关系,Normal,生活服务,True
这家理发店团购价很低，可剪完头发还强行推销办会员卡,0,转折关系,Normal,生活服务,True
快递本来该送上门，可快递员直接放驿站没任何通知,0,转折关系,Normal,生活服务,True
原本以为家政会敷衍了事，没想到把我家的死角都擦得发亮,1,转折关系,Normal,生活服务,True
虽然暴雨倾盆路难走，但外卖小哥还是准时把热餐送到了,1,转折关系,Normal,生活服务,True
这家干洗店位置有点偏，可洗出来的羊毛衫柔软蓬松没变形,1,转折关系,Normal,生活服务,True
快递显示会延迟送达，结果骑手提前半小时就把包裹递到我手,1,转折关系,Normal,生活服务,True
原本担心家政阿姨不专业，她却把厨房的油污都清理干净了,1,转折关系,Normal,生活服务,True
虽然外卖订单爆单了，但餐品还是热乎的且一点没撒漏,1,转折关系,Normal,生活服务,True
这家超市面积不算大，可新鲜果蔬的品质比大超市还要好,1,转折关系,Normal,生活服务,True
保洁阿姨看似年纪大，做起事来却手脚麻利效率特别高,1,转折关系,Normal,生活服务,True
虽然这家理发店不显眼，可Tony老师剪的发型完全符合我预期,1,转折关系,Normal,生活服务,True
原本以为快递会破损，拆开后发现包装严实商品完好无损,1,转折关系,Normal,生活服务,True
家政收费比别家贵点，可服务细致入微连窗帘都帮我熨平了,1,转折关系,Normal,生活服务,True
虽然路上堵得水泄不通，但骑手还是把温乎的奶茶送到了,1,转折关系,Normal,生活服务,True
这家洗衣店设备老旧，可洗出来的白色衬衫洁白如新没污渍,1,转折关系,Normal,生活服务,True
原本担心外卖会凉透，打开后发现餐品用保温袋裹得严实,1,转折关系,Normal,生活服务,True
快递员看起来冷冰冰，却帮我把沉箱子扛到了四楼家门口,1,转折关系,Normal,生活服务,True
虽然家政预约要等三天，可服务质量远超我的期待值,1,转折关系,Normal,生活服务,True
这家便利店地处偏僻，可24小时营业随时都能买到急需品,1,转折关系,Normal,生活服务,True
原本以为套餐内容简单，保洁阿姨却额外帮我整理了鞋柜,1,转折关系,Normal,生活服务,True
虽然外卖费有点贵，但餐品分量足还送了贴心的小配菜,1,转折关系,Normal,生活服务,True
这家干洗店收费不低，可还免费帮我把西装的肩线熨正了,1,转折关系,Normal,生活服务,True
快递延迟了半天，可快递员特意上门道歉还送了小零食补偿,1,转折关系,Normal,生活服务,True
原本担心阿姨不会用我的扫地机，她却熟练操作清理得很干净,1,转折关系,Normal,生活服务,True
虽然这家奶茶店排队久，可手煮的茶底香浓醇厚特别好喝,1,转折关系,Normal,生活服务,True
这家超市的结账台少，可工作人员动作快排队五分钟就搞定,1,转折关系,Normal,生活服务,True
原本以为快递会丢件，结果快递员辗转找到我住的老巷子里,1,转折关系,Normal,生活服务,True
虽然山顶日落极美，可排队等缆车耗了整整三小时,0,转折关系,Normal,出行旅游,True
民宿装修风格很独特，无奈隔音差到能听见邻居整晚呼噜声,0,转折关系,Normal,出行旅游,True
这条徒步路线风景绝了，奈何半路突降大雨把我淋透,0,转折关系,Normal,出行旅游,True
导游讲的历史故事生动，不过强制购物环节让人极度反感,0,转折关系,Normal,出行旅游,True
高铁站环境挺干净，可列车晚点让我错过预约的景区门票,0,转折关系,Normal,出行旅游,True
海景房的视野超棒，却因为靠近航道整晚被船鸣吵得失眠,0,转折关系,Normal,出行旅游,True
景区的文创产品挺有特色，可是价格贵得让人望而却步,0,转折关系,Normal,出行旅游,True
自驾游的路线规划得完美，奈何半路车爆胎耽误了大半天,0,转折关系,Normal,出行旅游,True
博物馆的展品很珍贵，不过讲解器故障全程听不清介绍,0,转折关系,Normal,出行旅游,True
古镇的石板路很有韵味，可雨天积水溅得裤腿全是泥点子,0,转折关系,Normal,出行旅游,True
游船的甲板视野开阔，却因为海风太大吹得人直打哆嗦,0,转折关系,Normal,出行旅游,True
机场免税店的品类齐全，可热门款全断货根本买不到,0,转折关系,Normal,出行旅游,True
露营地的星空超美，却因为蚊虫太多整晚没睡好觉,0,转折关系,Normal,出行旅游,True
美食街的招牌看着诱人，可实际味道普通还特别贵,0,转折关系,Normal,出行旅游,True
植物园的热带植物新奇，可园区指示牌太少绕得晕头转向,0,转折关系,Normal,出行旅游,True
高铁上的座位很宽敞，可邻座大声打电话吵得没法休息,0,转折关系,Normal,出行旅游,True
温泉酒店的汤池种类多，可是卫生状况差到让人不敢下池,0,转折关系,Normal,出行旅游,True
古城的夜景确实惊艳，可商业化太浓全是重复的网红店,0,转折关系,Normal,出行旅游,True
漂流的项目刺激好玩，奈何结束后淋得浑身湿透还没有干衣,0,转折关系,Normal,出行旅游,True
主题乐园的设施很新潮，可是排队时长超三小时完全没兴致,0,转折关系,Normal,出行旅游,True
租车的手续倒是简便，可车辆的空调故障热得人满头大汗,0,转折关系,Normal,出行旅游,True
海边的沙滩很细腻，可礁石区的垃圾多到破坏游玩心情,0,转折关系,Normal,出行旅游,True
书店的氛围很安静，可里面的消费饮品价格是外面的三倍,0,转折关系,Normal,出行旅游,True
徒步的沿途风景优美，却因为没带够水差点中暑在半山腰,0,转折关系,Normal,出行旅游,True
邮轮的自助餐品种多，可是大多数菜品都凉透了没胃口,0,转折关系,Normal,出行旅游,True
虽然山路绕得我头晕，但是登顶后看到的云海绝对值回票价,1,转折关系,Normal,出行旅游,True
酒店的位置有点偏僻，可推开窗就能看到毫无遮挡的海滨日落,1,转折关系,Normal,出行旅游,True
出发时遇上暴雨延误，不过意外解锁了当地超好吃的巷口肠粉,1,转折关系,Normal,出行旅游,True
徒步的路程比预想的远很多，却结识了几位志同道合的驴友,1,转折关系,Normal,出行旅游,True
景区的门票不算便宜，但是里面的沉浸式演出真的太震撼了,1,转折关系,Normal,出行旅游,True
民宿的楼道有点狭窄，可房间里的原木暖光布置得特别温馨,1,转折关系,Normal,出行旅游,True
自驾游遇上了堵车，却偶然发现了路边没人的小众观景台,1,转折关系,Normal,出行旅游,True
一开始觉得跟团游受限，可导游介绍的小众宝藏景点超惊喜,1,转折关系,Normal,出行旅游,True
海边的风有点大，但是捡了满满一袋子漂亮的贝壳和海星,1,转折关系,Normal,出行旅游,True
博物馆的人真的超多，不过偶遇的志愿者讲解专业又有趣,1,转折关系,Normal,出行旅游,True
露营时遇到了小雨，却意外看到了久违的彩虹挂在山巅,1,转折关系,Normal,出行旅游,True
高铁晚点了一小时，不过在车站书店淘到了绝版的旅行绘本,1,转折关系,Normal,出行旅游,True
古镇的商业味有点浓，可巷子里的手艺人做的糖画太治愈了,1,转折关系,Normal,出行旅游,True
漂流的过程中呛了水，可是和朋友一起玩的体验超快乐,1,转折关系,Normal,出行旅游,True
主题乐园的太阳很晒，不过花车巡游的表演真的太精彩了,1,转折关系,Normal,出行旅游,True
租的车空间有点小，可油耗超低还免费升级了新能源车型,1,转折关系,Normal,出行旅游,True
温泉酒店的价格偏高，但是私汤小院的私密感拉满太舒适,1,转折关系,Normal,出行旅游,True
机场的转机时间有点长，却在免税店蹲到了限量款的香水,1,转折关系,Normal,出行旅游,True
植物园的门票略贵，但是温室里的珍稀兰花展让人大开眼界,1,转折关系,Normal,出行旅游,True
海边的住宿有点潮，可每天早上都能在阳台看日出太治愈,1,转折关系,Normal,出行旅游,True
徒步时累得直喘气，不过看到的高山湖泊纯净得像块翡翠,1,转折关系,Normal,出行旅游,True
邮轮的航程有点久，可是每天能看不同的海景还能学做西餐,1,转折关系,Normal,出行旅游,True
美食街的人挤得要命，可吃到的现烤鱿鱼真的鲜掉眉毛,1,转折关系,Normal,出行旅游,True
古城的楼梯太陡，可是顶楼的茶座能俯瞰整个古城的全景,1,转折关系,Normal,出行旅游,True
出发时忘带遮阳伞，却在景区碰到好心人送了一把手绘伞,1,转折关系,Normal,出行旅游,True
这红烧肉真“实在”，连牙缝都塞不满就见底了,0,反讽,Negative_Ironic,美食餐饮,True
您家外卖真“快”，我都吃完泡面了它才送到,0,反讽,Negative_Ironic,美食餐饮,True
这奶茶料真“足”，吸了十分钟只喝到半口珍珠,0,反讽,Negative_Ironic,美食餐饮,True
餐厅环境真“安静”，邻桌的吵闹声比上菜声还大,0,反讽,Negative_Ironic,美食餐饮,True
这蒜蓉虾真“新鲜”，吃一口满是冰箱冷冻的腥气,0,反讽,Negative_Ironic,美食餐饮,True
这家店的服务真“贴心”，催三次菜都没人搭理,0,反讽,Negative_Ironic,美食餐饮,True
这牛肉面的牛肉真“多”，找半天只看到两片碎肉,0,反讽,Negative_Ironic,美食餐饮,True
这沙拉真“健康”，酱咸得我直接灌了半瓶矿泉水,0,反讽,Negative_Ironic,美食餐饮,True
您家的包子真“大”，一口咬下去都碰不到馅,0,反讽,Negative_Ironic,美食餐饮,True
这烤串真“香”，吃一口全是烤焦的炭糊味,0,反讽,Negative_Ironic,美食餐饮,True
外卖包装真“严实”，汤撒了半盒盒子还破着洞,0,反讽,Negative_Ironic,美食餐饮,True
这酸菜鱼真“入味”，咸得我连喝三杯水都缓不过来,0,反讽,Negative_Ironic,美食餐饮,True
这家火锅的辣度真“温和”，我辣得直掉眼泪喘不上气,0,反讽,Negative_Ironic,美食餐饮,True
这糯米饭真“软糯”，硬得我差点把牙硌掉,0,反讽,Negative_Ironic,美食餐饮,True
餐厅的空调真“给力”，我吃饭时满头大汗像蒸桑拿,0,反讽,Negative_Ironic,美食餐饮,True
这炸鸡真“酥脆”，咬开全是湿乎乎的面坨坨,0,反讽,Negative_Ironic,美食餐饮,True
您家的奶茶真“甜”，甜得我嗓子发齁直咳嗽,0,反讽,Negative_Ironic,美食餐饮,True
这意面真有“嚼劲”，硬得跟没煮透的生面条一样,0,反讽,Negative_Ironic,美食餐饮,True
这家店的出餐真“准时”，预约的午餐变成下午茶,0,反讽,Negative_Ironic,美食餐饮,True
这花甲真“干净”，吐砂没吐干净硌得我牙生疼,0,反讽,Negative_Ironic,美食餐饮,True
这南瓜粥真“浓稠”，稀得跟白开水加了点南瓜色似的,0,反讽,Negative_Ironic,美食餐饮,True
餐厅的座位真“宽敞”，我胳膊都碰到邻桌的盘子了,0,反讽,Negative_Ironic,美食餐饮,True
这烤肠真“纯”，吃一口全是淀粉的味道连肉香都没有,0,反讽,Negative_Ironic,美食餐饮,True
您家的寿司真“新鲜”，米饭都发酸了还敢卖,0,反讽,Negative_Ironic,美食餐饮,True
这冒菜真“实惠”，二十块钱只捞到几根青菜,0,反讽,Negative_Ironic,美食餐饮,True
外卖配送员真“负责”，直接把餐放门卫连通知都没有,0,反讽,Negative_Ironic,美食餐饮,True
这蛋挞真“嫩滑”，吃一口全是凝固的鸡蛋腥味,0,反讽,Negative_Ironic,美食餐饮,True
这家川菜馆真“正宗”，麻椒放得太少根本没味,0,反讽,Negative_Ironic,美食餐饮,True
这菠萝饭真“香甜”，菠萝是酸的米饭还没熟透,0,反讽,Negative_Ironic,美食餐饮,True
餐厅的餐具真“干净”，盘子上还留着之前的油渍,0,反讽,Negative_Ironic,美食餐饮,True
这炸薯条真“香脆”，软塌塌的跟放了半小时似的,0,反讽,Negative_Ironic,美食餐饮,True
您家的果茶真“新鲜”，水果是放了三天的烂边角料,0,反讽,Negative_Ironic,美食餐饮,True
这猪肚鸡真“浓郁”，汤淡得跟清水煮鸡皮一样,0,反讽,Negative_Ironic,美食餐饮,True
这家店的排队真“快”，我站了一小时还没轮到,0,反讽,Negative_Ironic,美食餐饮,True
这小笼包真“多汁”，咬开连一滴汤都没有全是干馅,0,反讽,Negative_Ironic,美食餐饮,True
外卖的备注真“有用”，我说少放辣结果还是辣到哭,0,反讽,Negative_Ironic,美食餐饮,True
这烧麦真“料足”，里面全是糯米连一点肉丁都没有,0,反讽,Negative_Ironic,美食餐饮,True
餐厅的音乐真“好听”，震得我耳朵嗡嗡响没法聊天,0,反讽,Negative_Ironic,美食餐饮,True
这卤味真“入味”，淡得我得蘸着酱油才能吃,0,反讽,Negative_Ironic,美食餐饮,True
您家的披萨真“大”，比我的脸还小一圈,0,反讽,Negative_Ironic,美食餐饮,True
这杨枝甘露真“正宗”，芒果是罐头的西柚还发苦,0,反讽,Negative_Ironic,美食餐饮,True
外卖的餐品真“完整”，盖饭的菜全翻到了盒子外面,0,反讽,Negative_Ironic,美食餐饮,True
这干锅菜花真“够味”，寡淡得跟白水煮的没区别,0,反讽,Negative_Ironic,美食餐饮,True
这家店的停车真“方便”，绕了三圈都没找到空位,0,反讽,Negative_Ironic,美食餐饮,True
这玉米汁真“现榨”，喝一口全是香精兑水的味道,0,反讽,Negative_Ironic,美食餐饮,True
餐厅的纸巾真“充足”，要三张只给了我一张破的,0,反讽,Negative_Ironic,美食餐饮,True
这酱骨架真“软烂”，我用尽全力都没啃下来一块肉,0,反讽,Negative_Ironic,美食餐饮,True
您家的肠粉真“滑嫩”，硬得跟凉掉的面皮一样,0,反讽,Negative_Ironic,美食餐饮,True
这酸菜鱼的酸菜真“够味”，苦得我直接吐出来了,0,反讽,Negative_Ironic,美食餐饮,True
外卖的送餐员真“礼貌”，直接把餐扔到门口就走了,0,反讽,Negative_Ironic,美食餐饮,True
这抹茶蛋糕真“浓郁”，淡得跟没放抹茶粉似的,0,反讽,Negative_Ironic,美食餐饮,True
餐厅的上菜真“快”，等了四十分钟只上了一道凉菜,0,反讽,Negative_Ironic,美食餐饮,True
这烤生蚝真“新鲜”，吃一口全是沙子的味道,0,反讽,Negative_Ironic,美食餐饮,True
您家的石锅拌饭真“热乎”，端上来的时候已经凉透了,0,反讽,Negative_Ironic,美食餐饮,True
这酸汤肥牛真“够酸”，酸得我胃里直翻江倒海,0,反讽,Negative_Ironic,美食餐饮,True
外卖的包装真“贴心”，用的是漏汤的破塑料袋,0,反讽,Negative_Ironic,美食餐饮,True
这白切鸡真“鲜嫩”，柴得像放了三天的冻肉,0,反讽,Negative_Ironic,美食餐饮,True
这家店的WiFi真“快”，连了十分钟都没连上,0,反讽,Negative_Ironic,美食餐饮,True
这巧克力奶昔真“醇厚”，稀得跟加了水的巧克力奶一样,0,反讽,Negative_Ironic,美食餐饮,True
餐厅的服务员真“热情”，全程黑脸连个笑容都没有,0,反讽,Negative_Ironic,美食餐饮,True
这炒米粉真“够油”，清淡得跟没放油的白米粉一样,0,反讽,Negative_Ironic,美食餐饮,True
您家的榴莲千层真“实在”，榴莲馅薄得跟纸一样,0,反讽,Negative_Ironic,美食餐饮,True
这老鸭汤真“滋补”，淡得我喝不出一点鸭的味道,0,反讽,Negative_Ironic,美食餐饮,True
外卖的餐品真“卫生”，菜里居然混着一根头发,0,反讽,Negative_Ironic,美食餐饮,True
这烤翅真“入味”，淡得我得自己刷辣椒酱,0,反讽,Negative_Ironic,美食餐饮,True
餐厅的桌子真“干净”，我坐下就看到上面的饭粒,0,反讽,Negative_Ironic,美食餐饮,True
这芋泥啵啵真“细腻”，芋泥全是颗粒感咬不动,0,反讽,Negative_Ironic,美食餐饮,True
您家的蟹黄包真“正宗”，里面全是蛋黄根本没蟹黄,0,反讽,Negative_Ironic,美食餐饮,True
这凉拌黄瓜真“爽口”，咸得我直接把菜推到一边,0,反讽,Negative_Ironic,美食餐饮,True
外卖的备注真“贴心”，我要不加葱结果满碗都是葱,0,反讽,Negative_Ironic,美食餐饮,True
这家糖水铺真“抠门”，芋圆每次都堆得碗都装不下,1,反讽,Positive_Ironic,美食餐饮,True
您家的小龙虾真“小气”，每只都饱满得爆黄又爆肉,1,反讽,Positive_Ironic,美食餐饮,True
这烧烤店真“讨厌”，烤的五花肉香得我连吃十串都不够,1,反讽,Positive_Ironic,美食餐饮,True
这家面馆真“啰嗦”，面的分量多到我打包当晚饭,1,反讽,Positive_Ironic,美食餐饮,True
这奶茶店真“过分”，珍珠Q弹就算了还加了双份芋泥,1,反讽,Positive_Ironic,美食餐饮,True
您家的寿司真“偷工减料”，三文鱼厚得我一口咬不下,1,反讽,Positive_Ironic,美食餐饮,True
这家火锅店真“不实在”，免费的酸梅汤都熬得这么好喝,1,反讽,Positive_Ironic,美食餐饮,True
这卤味店真“吝啬”，鸭头卤得够味就算了还送鸭翅,1,反讽,Positive_Ironic,美食餐饮,True
这家蛋糕店真“敷衍”，水果全是新鲜的奶油还不腻人,1,反讽,Positive_Ironic,美食餐饮,True
您家的早点摊真“抠门”，豆浆稠得跟加了双份豆子似的,1,反讽,Positive_Ironic,美食餐饮,True
这部剧的剧情逻辑真“严谨”，前集的坑转头就当没发生,0,反讽,Negative_Ironic,影视娱乐,True
真是辛苦编剧了，把好好的ip改得连亲妈都认不出来,0,反讽,Negative_Ironic,影视娱乐,True
这演员的台词功底真棒，连口型都能和台词对不上呢,0,反讽,Negative_Ironic,影视娱乐,True
这综艺的广告植入太自然了，全程看着都让人出戏,0,反讽,Negative_Ironic,影视娱乐,True
哇，这电影的特效可太牛了，五毛质感拉满让人难忘,0,反讽,Negative_Ironic,影视娱乐,True
这部剧的更新速度真感人，等一周就更一分钟的内容,0,反讽,Negative_Ironic,影视娱乐,True
这明星的敬业程度真高，全程替身连露脸都不肯,0,反讽,Negative_Ironic,影视娱乐,True
这综艺的游戏环节太有新意了，全是几年前玩剩的老梗,0,反讽,Negative_Ironic,影视娱乐,True
这部剧的服化道真用心，古装剧穿出了现代时尚感,0,反讽,Negative_Ironic,影视娱乐,True
这电影的结局太精彩了，看完直接让我想退票,0,反讽,Negative_Ironic,影视娱乐,True
这慢综艺节奏真快，看了半小时还没开场,0,反讽,Negative_Ironic,影视娱乐,True
这竞技综艺的剧本太真实，淘汰名单都提前被剧透了,0,反讽,Negative_Ironic,影视娱乐,True
这部甜宠剧的男女主真甜，全程尬到我抠出三室一厅,0,反讽,Negative_Ironic,影视娱乐,True
这电影的配乐太贴合，情绪刚起来就被切歌打断,0,反讽,Negative_Ironic,影视娱乐,True
这明星的人设太讨喜，刚立的耿直人设就翻车了,0,反讽,Negative_Ironic,影视娱乐,True
这剪辑师的水平真高，把精彩片段全剪进预告里了,0,反讽,Negative_Ironic,影视娱乐,True
这部剧的配角真亮眼，戏份全被主角的光环盖没了,0,反讽,Negative_Ironic,影视娱乐,True
这综艺的主持人太专业，全程抢话嘉宾插不上嘴,0,反讽,Negative_Ironic,影视娱乐,True
这动画的剧情太紧凑，每集都在水时长凑集数,0,反讽,Negative_Ironic,影视娱乐,True
这演唱会的票真便宜，抢了三天连个候补都没抢到,0,反讽,Negative_Ironic,影视娱乐,True
这部悬疑剧的反转真意外，看第一集就猜到凶手了,0,反讽,Negative_Ironic,影视娱乐,True
这明星的粉丝真理智，一有质疑就追着人骂三天,0,反讽,Negative_Ironic,影视娱乐,True
这综艺的字幕组太贴心，把嘉宾的原话改得面目全非,0,反讽,Negative_Ironic,影视娱乐,True
这电影的取景地太优美，全程都是绿幕抠图假得离谱,0,反讽,Negative_Ironic,影视娱乐,True
这部剧的台词太有深度，全是网上抄来的烂大街鸡汤,0,反讽,Negative_Ironic,影视娱乐,True
这明星的直播真真实，全程滤镜开到亲妈都认不出,0,反讽,Negative_Ironic,影视娱乐,True
这综艺的弹幕太友好，全是互喷的脏话看着糟心,0,反讽,Negative_Ironic,影视娱乐,True
这电影的时长真合适，两个小时的内容水成了三小时,0,反讽,Negative_Ironic,影视娱乐,True
这部仙侠剧的御剑飞行真炫酷，特效比十年前还粗糙,0,反讽,Negative_Ironic,影视娱乐,True
这明星的公益真走心，只在镜头前露脸啥活都不干,0,反讽,Negative_Ironic,影视娱乐,True
这综艺的奖品太丰厚，抽了十次全是没用的小贴纸,0,反讽,Negative_Ironic,影视娱乐,True
这电视剧的结局太圆满，把主要角色写死了一大半,0,反讽,Negative_Ironic,影视娱乐,True
这电影的配音太专业，配音和角色情绪完全不搭边,0,反讽,Negative_Ironic,影视娱乐,True
这明星的综艺感真强，全程发呆连句话都不肯说,0,反讽,Negative_Ironic,影视娱乐,True
这说唱综艺的选手太有实力，全靠人脉晋级实力拉胯,0,反讽,Negative_Ironic,影视娱乐,True
这部家庭剧的情节太真实，全是脱离现实的狗血冲突,0,反讽,Negative_Ironic,影视娱乐,True
这动画的配音太传神，把活泼的角色配得像个木头,0,反讽,Negative_Ironic,影视娱乐,True
这综艺的导演太会玩，把好好的节目剪得支离破碎,0,反讽,Negative_Ironic,影视娱乐,True
这电影的海报太好看，和正片内容完全不沾边,0,反讽,Negative_Ironic,影视娱乐,True
这部剧的节奏太紧凑，一集二十分钟十五分钟是回忆,0,反讽,Negative_Ironic,影视娱乐,True
这明星的演技太出色，演啥都像在演自己没区别,0,反讽,Negative_Ironic,影视娱乐,True
这喜剧综艺的笑点太密集，看了半小时没笑过一次,0,反讽,Negative_Ironic,影视娱乐,True
这科幻电影的设定太严谨，BUG多到能组成银河系,0,反讽,Negative_Ironic,影视娱乐,True
这部校园剧的青春感太足，演员都快四十了还演高中生,0,反讽,Negative_Ironic,影视娱乐,True
这明星的情商太高，说话直接把观众怼得下不来台,0,反讽,Negative_Ironic,影视娱乐,True
这综艺的投票太公平，全靠粉丝刷票选手躺赢,0,反讽,Negative_Ironic,影视娱乐,True
这电影的插曲太好听，全程循环播放盖过了台词,0,反讽,Negative_Ironic,影视娱乐,True
这部古装剧的历史感太强，乱改史实连史官都气活,0,反讽,Negative_Ironic,影视娱乐,True
这明星的演唱会太超值，全程假唱连喘气都对口型,0,反讽,Negative_Ironic,影视娱乐,True
这综艺的环节设计太巧妙，重复来重复去毫无新意,0,反讽,Negative_Ironic,影视娱乐,True
这短剧的剧情太精彩，三分钟内容水了十集还没讲完,0,反讽,Negative_Ironic,影视娱乐,True
这演员的哭戏太逼真，眼泪全靠眼药水挤出来,0,反讽,Negative_Ironic,影视娱乐,True
这综艺的嘉宾阵容太豪华，全是十八线小透明没人认识,0,反讽,Negative_Ironic,影视娱乐,True
这电影的结局太深刻，看完一头雾水完全不懂啥意思,0,反讽,Negative_Ironic,影视娱乐,True
这部剧的情侣真般配，全程吵架没一句正常对话,0,反讽,Negative_Ironic,影视娱乐,True
这明星的新歌太好听，旋律全是抄老歌的换个词而已,0,反讽,Negative_Ironic,影视娱乐,True
这综艺的话题度太高，全靠炒作负面新闻博眼球,0,反讽,Negative_Ironic,影视娱乐,True
这动画的剧情太感人，把观众的智商按在地上摩擦,0,反讽,Negative_Ironic,影视娱乐,True
这电影的票价太亲民，五十块的票卖一百五还不打折,0,反讽,Negative_Ironic,影视娱乐,True
这部职场剧的专业性太强，完全是把办公室当偶像剧拍,0,反讽,Negative_Ironic,影视娱乐,True
这明星的粉丝太有素质，一看到不同意见就抱团骂街,0,反讽,Negative_Ironic,影视娱乐,True
这综艺的广告太贴心，每十分钟插播一次打断节奏,0,反讽,Negative_Ironic,影视娱乐,True
这电视剧的特效太震撼，把动物都做得像塑料玩具,0,反讽,Negative_Ironic,影视娱乐,True
这电影的主角太厉害，全程开挂没遇到一点真实困难,0,反讽,Negative_Ironic,影视娱乐,True
这部玄幻剧的世界观太宏大，到结尾都没讲明白设定,0,反讽,Negative_Ironic,影视娱乐,True
这明星的采访太真诚，说的全是官方套话没一句真话,0,反讽,Negative_Ironic,影视娱乐,True
这综艺的游戏太刺激，全程坐着聊天连动都不用动,0,反讽,Negative_Ironic,影视娱乐,True
这短剧的制作太精良，镜头晃得我差点吐出来,0,反讽,Negative_Ironic,影视娱乐,True
这演员的打戏太精彩，全是慢镜头凑时长看不出动作,0,反讽,Negative_Ironic,影视娱乐,True
这综艺的互动太热烈，嘉宾全程玩手机没人搭理彼此,0,反讽,Negative_Ironic,影视娱乐,True
这电影的剧情太跌宕，全程平铺直叙一点起伏都没有,0,反讽,Negative_Ironic,影视娱乐,True
这部医疗剧的专业性太强，做手术都能化妆戴美瞳,0,反讽,Negative_Ironic,影视娱乐,True
这明星的穿搭太时尚，把大牌穿成了淘宝九块九同款,0,反讽,Negative_Ironic,影视娱乐,True
这综艺的奖品太诱人，全是需要消费才能兑换的券,0,反讽,Negative_Ironic,影视娱乐,True
这电视剧的回忆杀太感人，每集都重复播三遍烦死人,0,反讽,Negative_Ironic,影视娱乐,True
这电影的配角太出彩，全程被主角抢戏没露几次脸,0,反讽,Negative_Ironic,影视娱乐,True
这部悬疑剧的线索太明显，刚出场就知道谁是凶手,0,反讽,Negative_Ironic,影视娱乐,True
这明星的直播带货太实在，全是劣质产品还卖高价,0,反讽,Negative_Ironic,影视娱乐,True
这综艺的笑点太高级，全是低俗笑话让人尴尬到脚趾抠地,0,反讽,Negative_Ironic,影视娱乐,True
这动画的细节太到位，把角色的五官画得都不对称,0,反讽,Negative_Ironic,影视娱乐,True
这电影的音效太逼真，爆炸声音小得像蚊子叫,0,反讽,Negative_Ironic,影视娱乐,True
这部武侠剧的侠义精神太足，主角全程耍流氓没人管,0,反讽,Negative_Ironic,影视娱乐,True
这明星的演技太有爆发力，全程嘶吼看不出任何情绪,0,反讽,Negative_Ironic,影视娱乐,True
这综艺的主持人太风趣，全程讲冷笑话没人搭理,0,反讽,Negative_Ironic,影视娱乐,True
这电视剧的爱情线太浪漫，全程出轨劈腿三观不正,0,反讽,Negative_Ironic,影视娱乐,True
这电影的制作团队太专业，连字幕都能打错好几个字,0,反讽,Negative_Ironic,影视娱乐,True
这部末世剧的求生欲太强，主角天天逛超市吃泡面,0,反讽,Negative_Ironic,影视娱乐,True
这明星的新专辑太用心，十首歌八首是凑数的翻唱,0,反讽,Negative_Ironic,影视娱乐,True
这综艺的淘汰规则太公平，全靠导师喜好随意淘汰,0,反讽,Negative_Ironic,影视娱乐,True
这短剧的剧情太紧凑，每集开头都重播上集一半内容,0,反讽,Negative_Ironic,影视娱乐,True
这演员的眼神戏太到位，全程眼神空洞像没睡醒,0,反讽,Negative_Ironic,影视娱乐,True
这综艺的观众太热情，全程没人鼓掌全在刷手机,0,反讽,Negative_Ironic,影视娱乐,True
这电影的特效太逼真，怪物造型像幼儿园小朋友画的,0,反讽,Negative_Ironic,影视娱乐,True
这部宫斗剧的谋略太精彩，全靠主角开金手指躺赢,0,反讽,Negative_Ironic,影视娱乐,True
这明星的机场秀太真实，全是雇的粉丝围追堵截,0,反讽,Negative_Ironic,影视娱乐,True
这综艺的美食环节太诱人，全是看起来就难吃的黑暗料理,0,反讽,Negative_Ironic,影视娱乐,True
这电视剧的节奏太流畅，剪辑混乱完全看不懂剧情,0,反讽,Negative_Ironic,影视娱乐,True
这电影的主角太讨喜，全程自私自利没人喜欢,0,反讽,Negative_Ironic,影视娱乐,True
这部奇幻剧的魔法太炫酷，施法动作像在跳广播体操,0,反讽,Negative_Ironic,影视娱乐,True
这明星的道歉太诚恳，全程甩锅没说一句自己的错,0,反讽,Negative_Ironic,影视娱乐,True
这综艺的户外环节太有趣，全程下雨待在酒店聊天,0,反讽,Negative_Ironic,影视娱乐,True
这动画的剧情太精彩，完全照搬别人的作品连改都不改,0,反讽,Negative_Ironic,影视娱乐,True
这电影的票价太实惠，买张票能附赠半小时广告,0,反讽,Negative_Ironic,影视娱乐,True
这部军旅剧的军人形象太正面，全程耍帅不训练,0,反讽,Negative_Ironic,影视娱乐,True
这明星的vlog太真实，全是精心摆拍的假日常,0,反讽,Negative_Ironic,影视娱乐,True
这综艺的投票太透明，结果全靠后台操作内定,0,反讽,Negative_Ironic,影视娱乐,True
这电视剧的台词太生动，全是书面语像在念课文,0,反讽,Negative_Ironic,影视娱乐,True
这电影的配角太重要，全程打酱油没一句台词,0,反讽,Negative_Ironic,影视娱乐,True
这部盗墓剧的探险太刺激，全程在墓里聊天没遇到危险,0,反讽,Negative_Ironic,影视娱乐,True
这明星的演技太细腻，演啥都是一个表情毫无变化,0,反讽,Negative_Ironic,影视娱乐,True
这综艺的游戏太有挑战性，全程闭着眼都能赢,0,反讽,Negative_Ironic,影视娱乐,True
这短剧的演员太专业，全程念台词像在背书,0,反讽,Negative_Ironic,影视娱乐,True
这电影的剧情太有深度，看完完全不知道讲了啥,0,反讽,Negative_Ironic,影视娱乐,True
这部谍战剧的谍战氛围太足，主角全程高调没人抓,0,反讽,Negative_Ironic,影视娱乐,True
这明星的粉丝太理智，一看到偶像就尖叫堵路,0,反讽,Negative_Ironic,影视娱乐,True
这综艺的笑点太密集，全是老掉牙的梗没人笑,0,反讽,Negative_Ironic,影视娱乐,True
这电视剧的服化道太讲究，古装剧的衣服比现代还干净,0,反讽,Negative_Ironic,影视娱乐,True
这电影的音效太震撼，背景音乐大得盖过了所有台词,0,反讽,Negative_Ironic,影视娱乐,True
这部青春剧的校园生活太真实，全程谈恋爱没上过课,0,反讽,Negative_Ironic,影视娱乐,True
这明星的演技太有进步，和三年前相比还是一样差,0,反讽,Negative_Ironic,影视娱乐,True
这综艺的环节太新颖，和隔壁节目抄得一模一样,0,反讽,Negative_Ironic,影视娱乐,True
这电影的结尾太意外，完全是为了续集强行挖坑,0,反讽,Negative_Ironic,影视娱乐,True
这网剧的滤镜真“重”，连我妈都夸女主颜值真实又能打,1,反讽,Positive_Ironic,影视娱乐,True
这综艺的吐槽环节真“狠”，每期都能戳中我的笑点,1,反讽,Positive_Ironic,影视娱乐,True
这部老电影的画质真“差”，我已经刷了十几遍还没腻,1,反讽,Positive_Ironic,影视娱乐,True
这明星的情商真“低”，连怼人都能让人觉得可爱,1,反讽,Positive_Ironic,影视娱乐,True
这动画的配音真“烂”，每次听都能勾起满满的童年回忆,1,反讽,Positive_Ironic,影视娱乐,True
这综艺的任务真“无聊”，我连看三小时都不想换台,1,反讽,Positive_Ironic,影视娱乐,True
这电影的台词真“土”，看完都能随口背出好几句,1,反讽,Positive_Ironic,影视娱乐,True
这乐队的歌真“难听”，我手机里存了全专辑循环播放,1,反讽,Positive_Ironic,影视娱乐,True
你家哥哥的演技可太差了，连我奶奶都天天追他的剧,1,反讽,Positive_Ironic,影视娱乐,True
这综艺嘉宾也太“憨”了，每期都能把我笑到直不起腰,1,反讽,Positive_Ironic,影视娱乐,True
这部动画的画风真“粗糙”，连我家小孩都天天抱着平板看,1,反讽,Positive_Ironic,影视娱乐,True
这电影的笑点也太“尬”了，全场观众笑到拍大腿,1,反讽,Positive_Ironic,影视娱乐,True
这个网剧的制作真“穷”，拍出的效果比大制作还上头,1,反讽,Positive_Ironic,影视娱乐,True
这乐队的现场也太“菜”了，连路人都忍不住驻足拍照,1,反讽,Positive_Ironic,影视娱乐,True
这脱口秀演员的梗也太“冷”了，台下观众笑得眼泪直流,1,反讽,Positive_Ironic,影视娱乐,True
这部纪录片的节奏真“慢”，我熬夜刷完了全季还意犹未尽,1,反讽,Positive_Ironic,影视娱乐,True
这综艺的嘉宾互动真“尬”，我每期都蹲点守在电视前,1,反讽,Positive_Ironic,影视娱乐,True
这个国风舞台真“敷衍”，连我一向挑剔的爸都夸好看,1,反讽,Positive_Ironic,影视娱乐,True
火车上的服务周到，乘客没有不感到舒适的。,1,双重否定,Normal,出行旅游,True
海滩边的日落，让人不得不停下脚步欣赏。,1,双重否定,Normal,出行旅游,True
酒店的前台帮忙解决了行李问题，没有旅客不感激的。,1,双重否定,Normal,出行旅游,True
旅游套餐包含的餐食，每一道菜都没有不美味的。,1,双重否定,Normal,出行旅游,True
徒步路线的风景，沿途没有一处不令人心旷神怡。,1,双重否定,Normal,出行旅游,True
租的车子性能很好，山路行驶也没有一点不稳定。,1,双重否定,Normal,出行旅游,True
景区的厕所干净整洁，游客没有不惊讶的。,1,双重否定,Normal,出行旅游,True
民宿老板推荐的餐厅，味道好得让人不得不再次光顾。,1,双重否定,Normal,出行旅游,True
旅游纪念品价格合理，没有游客不购买的。,1,双重否定,Normal,出行旅游,True
海边度假村的沙滩椅，躺上去没有不舒服的。,1,双重否定,Normal,出行旅游,True
导游的幽默讲解，让整个团队没有不笑的。,1,双重否定,Normal,出行旅游,True
火车卧铺的床铺柔软，长途旅行也没有不睡的香的。,1,双重否定,Normal,出行旅游,True
景点的指示牌清晰，游客没有找不到路的。,1,双重否定,Normal,出行旅游,True
旅游保险理赔快速，没有客户不满意的。,1,双重否定,Normal,出行旅游,True
机场的贵宾室服务，没有旅客不享受的。,1,双重否定,Normal,出行旅游,True
骑行路线的沿途风光，骑手没有不陶醉的。,1,双重否定,Normal,出行旅游,True
航班取消通知得太晚，没有乘客不生气的。,0,双重否定,Normal,出行旅游,True
酒店的床太硬，住客没有不腰疼的。,0,双重否定,Normal,出行旅游,True
旅游巴士的座位狭窄，长途乘坐不可能不累。,0,双重否定,Normal,出行旅游,True
民宿的热水供应不稳定，洗澡时没有不抱怨的。,0,双重否定,Normal,出行旅游,True
导游只顾自己讲解，没有游客不觉得无聊的。,0,双重否定,Normal,出行旅游,True
火车上的餐食价格昂贵，乘客没有不嫌贵的。,0,双重否定,Normal,出行旅游,True
海滩的垃圾太多，游泳的人没有不失望的。,0,双重否定,Normal,出行旅游,True
租的车子空调不制冷，夏天开车不可能不热。,0,双重否定,Normal,出行旅游,True
景点的门票包含强制购物，游客没有不反感的。,0,双重否定,Normal,出行旅游,True
酒店的网络信号差，商务旅客没有不困扰的。,0,双重否定,Normal,出行旅游,True
旅游路线安排得太满，每天都没有休息时间，游客没有不疲惫的。,0,双重否定,Normal,出行旅游,True
机场的行李托运慢吞吞，没有旅客不急的。,0,双重否定,Normal,出行旅游,True
民宿的隔音效果差，晚上睡觉没有不被吵醒的。,0,双重否定,Normal,出行旅游,True
景区的厕所脏乱差，使用过的人没有不恶心的。,0,双重否定,Normal,出行旅游,True
旅游套餐的宣传与实际不符，没有顾客不觉得自己被骗的。,0,双重否定,Normal,出行旅游,True
火车晚点三个小时，乘客没有不焦虑的。,0,双重否定,Normal,出行旅游,True
导游的服务态度冷淡，团队里没有不失望的。,0,双重否定,Normal,出行旅游,True
海滩的救生员不在岗，游泳者没有不担心的。,0,双重否定,Normal,出行旅游,True
租的车子油箱见底，还车时没有不被多收费的。,0,双重否定,Normal,出行旅游,True
昨晚看的那部科幻片，特效逼真到没有观众不惊叹的。,1,双重否定,Normal,影视娱乐,True
那个演员的台词说得含糊，听的时候没有不让人皱眉的。,0,双重否定,Normal,影视娱乐,True
这部恐怖片的音效太刺耳，看的时候没有不捂耳朵的瞬间。,0,双重否定,Normal,影视娱乐,True
老戏骨的表演细腻入微，没有一场不让人感动落泪。,1,双重否定,Normal,影视娱乐,True
动画片的剧情拖沓，小孩看了没有不闹着换台的。,0,双重否定,Normal,影视娱乐,True
电影配乐和画面完美融合，没有一段不增强氛围的。,1,双重否定,Normal,影视娱乐,True
综艺节目的嘉宾互动尴尬，看的时候没有不觉得无聊的。,0,双重否定,Normal,影视娱乐,True
纪录片讲述的故事真实感人，观众没有不被触动的。,1,双重否定,Normal,影视娱乐,True
动作片的打戏设计精彩，没有一场不让人热血澎湃。,1,双重否定,Normal,影视娱乐,True
导演的剪辑跳来跳去，没有一处不让人迷糊的。,0,双重否定,Normal,影视娱乐,True
音乐剧的歌曲旋律优美，没有一首不让人想跟着哼唱。,1,双重否定,Normal,影视娱乐,True
这部喜剧的笑点生硬，看的时候没有不尴尬的时刻。,0,双重否定,Normal,影视娱乐,True
电视剧的服装细节考究，无不展示年代感。,1,双重否定,Normal,影视娱乐,True
电影的色调太暗，没有一帧不让人眼睛疲劳的。,0,双重否定,Normal,影视娱乐,True
悬疑片线索环环相扣，没有观众不全程猜谜的。,1,双重否定,Normal,影视娱乐,True
动画电影的配音不贴角色，没有一处不让人出戏的。,0,双重否定,Normal,影视娱乐,True
导演的镜头运用巧妙，没有一帧不赏心悦目。,1,双重否定,Normal,影视娱乐,True
那部电影的结局仓促，没有观众不觉得烂尾的。,0,双重否定,Normal,影视娱乐,True
纪录片的采访真诚自然，没有受访者不敞开心扉。,1,双重否定,Normal,影视娱乐,True
科幻片的逻辑漏洞太多，没有一处不让人吐槽的。,0,双重否定,Normal,影视娱乐,True
女主角的哭戏感染力强，不能不让人跟着心碎。,1,双重否定,Normal,影视娱乐,True
恐怖片的情节老套，观众没有不提前猜到的。,0,双重否定,Normal,影视娱乐,True
那个演员的表演浮夸，看的时候没有不摇头的。,0,双重否定,Normal,影视娱乐,True
动画片的角色可爱活泼，小孩看了没有不喜欢的。,1,双重否定,Normal,影视娱乐,True
综艺的环节重复乏味，没有一刻不让人想换台。,0,双重否定,Normal,影视娱乐,True
电影的音乐恰到好处，没有一段不渲染情绪的。,1,双重否定,Normal,影视娱乐,True
这部爱情片的剧情狗血，没有观众不中途离场的。,0,双重否定,Normal,影视娱乐,True
老演员的演技炉火纯青，没有一场不令人赞叹。,1,双重否定,Normal,影视娱乐,True
特效假得明显，没有一处不让人出戏的。,0,双重否定,Normal,影视娱乐,True
悬疑片的氛围营造紧张，没有一刻不让人屏住呼吸。,1,双重否定,Normal,影视娱乐,True
导演的叙事节奏太慢，没有一集不让人快进的。,0,双重否定,Normal,影视娱乐,True
喜剧的笑点密集自然，看的时候没有不开怀大笑的。,1,双重否定,Normal,影视娱乐,True
那部电影的配乐突兀，没有一段不破坏剧情连贯性。,0,双重否定,Normal,影视娱乐,True
纪录片的视角独特，观众没有不反思生活的。,1,双重否定,Normal,影视娱乐,True
动画片的画风粗糙，小孩看了没有不嫌弃的。,0,双重否定,Normal,影视娱乐,True
动作片的场面震撼，没有一场不让人肾上腺素飙升。,1,双重否定,Normal,影视娱乐,True
电视剧的配音和口型对不上，没有一处不让人出戏的。,0,双重否定,Normal,影视娱乐,True
昨天试用这款面膜，敷完皮肤水嫩嫩的，朋友们看了没有不夸的。,1,双重否定,Normal,购物消费,True
新买的运动鞋轻便透气，跑步时脚感没有不舒服的。,1,双重否定,Normal,购物消费,True
这家超市的草莓又大又甜，我每次去没有不买一盒的。,1,双重否定,Normal,购物消费,True
这个牌子的咖啡机操作简单，煮出来的咖啡没有不香的。,1,双重否定,Normal,购物消费,True
网购的这本小说情节吸引人，读起来没有不想熬夜看完的。,1,双重否定,Normal,购物消费,True
上周入手的平板，处理文档快，办公时没有不高效的。,1,双重否定,Normal,购物消费,True
买的这个保温杯保温一整天，冬天喝水没有不暖和的。,1,双重否定,Normal,购物消费,True
新买的玩具孩子玩得开心，没有一次是不笑的。,1,双重否定,Normal,购物消费,True
这家餐厅的披萨芝士多，吃一口没有不满足的。,1,双重否定,Normal,购物消费,True
这个购物平台的物流超给力，下单后没有不及时送达的。,1,双重否定,Normal,购物消费,True
买的台灯光线柔和，晚上看书眼睛没有不轻松的。,1,双重否定,Normal,购物消费,True
客服态度友好，解决问题没有不耐心的。,1,双重否定,Normal,购物消费,True
这个牌子的酸奶口感顺滑，早餐吃没有不健康的。,1,双重否定,Normal,购物消费,True
新吸尘器吸力大，清洁地板没有不省时的。,1,双重否定,Normal,购物消费,True
这款防晒霜清爽不油腻，夏天用皮肤没有不保护的。,1,双重否定,Normal,购物消费,True
朋友们试用这款香水，无不称赞味道好闻。,1,双重否定,Normal,购物消费,True
这个优惠券太划算了，我不能不分享给闺蜜。,1,双重否定,Normal,购物消费,True
从未买过这个品牌的家电不满意，这次冰箱也没让我失望。,1,双重否定,Normal,购物消费,True
昨天买的这款背包容量大，出差时没有不带它的。,1,双重否定,Normal,购物消费,True
这家网店的衣服尺码总不对，买回来的没有一件合身的。,0,双重否定,Normal,购物消费,True
这个品牌的耳机音质差，听歌时没有不杂音的。,0,双重否定,Normal,购物消费,True
昨天买的蛋糕太甜了，吃一口没有不腻的。,0,双重否定,Normal,购物消费,True
网购的手机壳材质差，用几天没有不裂的。,0,双重否定,Normal,购物消费,True
促销活动规则复杂，参与后没有不被困惑的。,0,双重否定,Normal,购物消费,True
买的枕头太高，睡一晚没有不落枕的。,0,双重否定,Normal,购物消费,True
快递送货慢，等包裹没有不焦急的。,0,双重否定,Normal,购物消费,True
这个洗发水用了头皮痒，洗一次没有不难受的。,0,双重否定,Normal,购物消费,True
昨天点的外卖味道怪，吃一口没有不想吐的。,0,双重否定,Normal,购物消费,True
键盘按键硬，打字时没有不累的。,0,双重否定,Normal,购物消费,True
超市的蔬菜不新鲜，买回家没有不烂的。,0,双重否定,Normal,购物消费,True
电视画面模糊，看剧时没有不模糊的。,0,双重否定,Normal,购物消费,True
袜子容易破，穿一次没有不破的。,0,双重否定,Normal,购物消费,True
口红颜色丑，涂上后没有不难看的。,0,双重否定,Normal,购物消费,True
购物 app 界面乱，操作时没有不混乱的。,0,双重否定,Normal,购物消费,True
电风扇噪音大，开起来没有不吵的。,0,双重否定,Normal,购物消费,True
退货政策麻烦，想退换没有不繁琐的。,0,双重否定,Normal,购物消费,True
饼干太硬，咬一口没有不硌牙的。,0,双重否定,Normal,购物消费,True
水杯漏水，喝水时没有不漏的。,0,双重否定,Normal,购物消费,True
促销短信烦人，收到后没有不烦的。,0,双重否定,Normal,购物消费,True
早上赶时间买的煎饼果子，阿姨给加了好多薄脆，不是没有让我一整天都开心。,1,双重否定,Normal,美食餐饮,True
和朋友聚餐的那家川菜馆，水煮鱼麻辣鲜香，没有谁吃了不流连忘返的。,1,双重否定,Normal,美食餐饮,True
这家面包店的牛角包，酥皮层层分明，无不顾客买后立刻拍照分享。,1,双重否定,Normal,美食餐饮,True
昨晚自己煮的番茄鸡蛋面，汤浓味美，不得不承认比外卖还好吃。,1,双重否定,Normal,美食餐饮,True
那家奶茶店的新品，珍珠Q弹，茶香浓郁，非去排队不可。,1,双重否定,Normal,美食餐饮,True
每次路过那家小吃摊，炸鸡排的香味都让我从未不停下脚步。,1,双重否定,Normal,美食餐饮,True
公司附近的早餐店，豆浆现磨，油条酥脆，没有上班族不天天光顾的。,1,双重否定,Normal,美食餐饮,True
那家日料店的刺身拼盘，食材新鲜，摆盘精美，无不食客品尝后露出幸福笑容。,1,双重否定,Normal,美食餐饮,True
自己尝试做的巧克力蛋糕，虽然卖相一般，但味道浓郁，不得不说是成功的。,1,双重否定,Normal,美食餐饮,True
朋友带我去的那家私房菜，每道菜都创意十足，非尝遍所有不可。,1,双重否定,Normal,美食餐饮,True
我常去的那家咖啡馆，拿铁拉花漂亮，咖啡香醇，从未不让我心情变好。,1,双重否定,Normal,美食餐饮,True
昨天下午茶点的提拉米苏，咖啡酒味恰到好处，没有朋友吃了不说赞的。,1,双重否定,Normal,美食餐饮,True
妈妈包的饺子，馅料足，皮薄，煮出来个个饱满，无不家人抢着吃。,1,双重否定,Normal,美食餐饮,True
自己烤的饼干，虽然第一次做，但香脆可口，不得不佩服自己的手艺。,1,双重否定,Normal,美食餐饮,True
那家甜品店的芒果糯米饭，芒果甜糯米饭香，非推荐给所有人不可。,1,双重否定,Normal,美食餐饮,True
每次加班后，去那家夜宵摊吃碗馄饨，热汤下肚，从未不感到慰藉。,1,双重否定,Normal,美食餐饮,True
公司年会上的自助餐，海鲜新鲜，甜点精致，没有员工不拍照留念的。,1,双重否定,Normal,美食餐饮,True
周末野餐带的三明治，用新鲜食材自制，不是没有让朋友们都羡慕。,1,双重否定,Normal,美食餐饮,True
昨天去的那家快餐店，汉堡肉饼干硬，生菜发黄，不是没有让人失望透顶。,0,双重否定,Normal,美食餐饮,True
那家网红奶茶店，排队半小时，喝到嘴里甜得齁人，没有顾客不吐槽的。,0,双重否定,Normal,美食餐饮,True
公司食堂的午餐，菜色单调，油重盐多，无不员工吃后摇头叹息。,0,双重否定,Normal,美食餐饮,True
外卖点的寿司，送到时米饭都散了，鱼生也不新鲜，不得不给差评。,0,双重否定,Normal,美食餐饮,True
那家烘焙店的蛋糕，外观华丽但口感粗糙，非避免再次购买不可。,0,双重否定,Normal,美食餐饮,True
我尝试做的意面，酱料太咸，面条煮过头，从未不让我后悔动手。,0,双重否定,Normal,美食餐饮,True
朋友推荐的那家烧烤摊，烟雾缭绕，食材烤焦，没有谁吃了不咳嗽的。,0,双重否定,Normal,美食餐饮,True
周末家庭聚餐的餐厅，服务生态度冷淡，上菜慢，不是没有破坏气氛。,0,双重否定,Normal,美食餐饮,True
那家咖啡店的拿铁，奶泡粗糙，咖啡苦涩，无不顾客喝一口就皱眉。,0,双重否定,Normal,美食餐饮,True
自己煮的粥，水放多了，稀得像汤，不得不承认失败了。,0,双重否定,Normal,美食餐饮,True
那家自助餐厅，菜品看似丰富但都不新鲜，非提醒朋友别去不可。,0,双重否定,Normal,美食餐饮,True
公司活动提供的点心，放置太久，口感干硬，没有同事不嫌弃的。,0,双重否定,Normal,美食餐饮,True
那家川菜馆的麻辣香锅，辣得烧心，咸得发苦，不是没有让人后悔点单。,0,双重否定,Normal,美食餐饮,True
自己做的沙拉，蔬菜不新鲜，酱汁太腻，无不尝过的人说难吃。,0,双重否定,Normal,美食餐饮,True
那家甜品店的巧克力慕斯，甜得发腻，口感黏糊，不得不剩下大半。,0,双重否定,Normal,美食餐饮,True
朋友聚会去的那家酒吧，小吃炸过头，油味重，非提前离开不可。,0,双重否定,Normal,美食餐饮,True
我常买的那家包子铺，最近肉馅变少，皮变厚，从未不让我考虑换一家。,0,双重否定,Normal,美食餐饮,True
那家火锅店的汤底，味精味重，吃完口渴，没有顾客不抱怨的。,0,双重否定,Normal,美食餐饮,True
自己烘焙的饼干，烤焦了，苦味重，不是没有浪费了食材。,0,双重否定,Normal,美食餐饮,True
外卖小哥送餐时总是面带微笑，无不让人心里暖暖的。,1,双重否定,Normal,生活服务,True
保洁阿姨每天打扫楼道，没有一处不干净整洁。,1,双重否定,Normal,生活服务,True
物业维修工响应快，没有一次不及时处理问题。,1,双重否定,Normal,生活服务,True
洗衣店洗后的衣服无不散发着清香，像新的一样。,1,双重否定,Normal,生活服务,True
外卖平台客服耐心解答，没有一次不让人满意而归。,1,双重否定,Normal,生活服务,True
快递包裹包装严实，没有一次在途中破损过。,1,双重否定,Normal,生活服务,True
修电器师傅技术棒，修好的电器无不正常运转。,1,双重否定,Normal,生活服务,True
送水工按时送水，没有一次不准时到达。,1,双重否定,Normal,生活服务,True
垃圾分类指导員热心帮忙，无不认真负责。,1,双重否定,Normal,生活服务,True
外卖配送保温效果好，没有一次饭菜不热乎乎的。,1,双重否定,Normal,生活服务,True
快递点取件方便，没有一次不快捷省时。,1,双重否定,Normal,生活服务,True
保洁公司清洁卫生间，没有一处不洁净如新。,1,双重否定,Normal,生活服务,True
搬家服务报价透明，没有一项费用不清楚明白。,1,双重否定,Normal,生活服务,True
物业费缴纳渠道多，没有一种方式不方便快捷。,1,双重否定,Normal,生活服务,True
外卖送餐经常洒汤，没有一次不弄脏包装袋。,0,双重否定,Normal,生活服务,True
快递员态度粗鲁，无不让人感到生气烦躁。,0,双重否定,Normal,生活服务,True
保洁阿姨打扫马虎，没有一处不留下灰尘污渍。,0,双重否定,Normal,生活服务,True
修鞋店手艺差，修过的鞋子没有一双不开胶坏掉。,0,双重否定,Normal,生活服务,True
物业客服推诿责任，没有一次不拖延处理投诉。,0,双重否定,Normal,生活服务,True
洗衣店洗坏衣服，没有一件不褪色变形难看。,0,双重否定,Normal,生活服务,True
外卖平台客服敷衍，没有一次不推诿顾客问题。,0,双重否定,Normal,生活服务,True
快递包裹经常丢失，没有一次不让人失望透顶。,0,双重否定,Normal,生活服务,True
家政服务员偷懒，没有一处不打扫得马虎了事。,0,双重否定,Normal,生活服务,True
修电器师傅技术烂，修好的电器无不再次出现故障。,0,双重否定,Normal,生活服务,True
送水工经常迟到，没有一次不延误送水时间。,0,双重否定,Normal,生活服务,True
垃圾分类指导員不耐烦，无不敷衍指导居民。,0,双重否定,Normal,生活服务,True
快递点排队漫长，没有一次不等待半小时以上。,0,双重否定,Normal,生活服务,True
搬家服务乱收费，没有一项费用不模糊不清。,0,双重否定,Normal,生活服务,True
洗衣店拖延取衣，没有一次不延迟交付时间。,0,双重否定,Normal,生活服务,True
物业费缴纳麻烦，没有一种方式不繁琐复杂。,0,双重否定,Normal,生活服务,True
昨晚看那部科幻片，开头慢热，但中间那个反转让我惊得合不拢嘴。,1,转折关系,Normal,影视娱乐,True
这个综艺的嘉宾我不太熟悉，不过他们之间的化学反应超有趣。,1,转折关系,Normal,影视娱乐,True
尽管电影预算不高，但导演的创意让整个故事显得很精致。,1,转折关系,Normal,影视娱乐,True
本以为是个恐怖片会吓到我，却没想到温情部分更打动人心。,1,转折关系,Normal,影视娱乐,True
开头几集有点平淡，但坚持看到后面，剧情越来越扣人心弦。,1,转折关系,Normal,影视娱乐,True
演员的服装起初觉得夸张，但配合剧情后反而显得很贴合。,1,转折关系,Normal,影视娱乐,True
我以为这部纪录片会很枯燥，结果里面的真实故事让我深受触动。,1,转折关系,Normal,影视娱乐,True
音乐起初不太搭，但随着剧情推进，它完美烘托了情感。,1,转折关系,Normal,影视娱乐,True
尽管是翻拍，但新版本加入的现代元素让故事焕然一新。,1,转折关系,Normal,影视娱乐,True
本以为会是个俗套喜剧，却没想到笑点密集又不低俗。,1,转折关系,Normal,影视娱乐,True
开头特效有点假，但后半段的动作场面简直让人目不暇接。,1,转折关系,Normal,影视娱乐,True
演员的台词起初生硬，但演到情感戏时自然得让我落泪。,1,转折关系,Normal,影视娱乐,True
尽管题材冷门，但导演的叙事手法让整个电影引人入胜。,1,转折关系,Normal,影视娱乐,True
我以为这个动画片只适合小孩，结果成人也能找到共鸣。,1,转折关系,Normal,影视娱乐,True
音乐风格起初不适应，但听久了觉得它很有韵味。,1,转折关系,Normal,影视娱乐,True
尽管结局有点仓促，但整体的观影体验还是很满足的。,1,转折关系,Normal,影视娱乐,True
本以为是个音乐剧会无聊，却没想到歌曲和剧情结合得如此完美。,1,转折关系,Normal,影视娱乐,True
开头场景设置普通，但摄影师的镜头语言美得让人窒息。,1,转折关系,Normal,影视娱乐,True
演员的表演起初平淡，但关键时刻的爆发力震撼全场。,1,转折关系,Normal,影视娱乐,True
演员阵容很强，我抱很大希望，可是剧本漏洞百出，看得我直摇头。,0,转折关系,Normal,影视娱乐,True
特效做得挺逼真，但剧情发展得太突兀，让人难以投入。,0,转折关系,Normal,影视娱乐,True
尽管宣传说感人至深，实际看了只觉得矫情做作。,0,转折关系,Normal,影视娱乐,True
本以为会是个精彩悬疑片，结果线索安排得乱七八糟，结局也莫名其妙。,0,转折关系,Normal,影视娱乐,True
音乐配得不错，可惜演员的演技太差，整体观感大打折扣。,0,转折关系,Normal,影视娱乐,True
开头很吸引人，但中间部分拖沓得让我忍不住快进。,0,转折关系,Normal,影视娱乐,True
我以为这个综艺会很有趣，没想到游戏环节设计得毫无新意。,0,转折关系,Normal,影视娱乐,True
尽管投资巨大，但电影的故事老套得让人预测到每一步。,0,转折关系,Normal,影视娱乐,True
演员的服装华丽，但表演僵硬，完全无法带入角色。,0,转折关系,Normal,影视娱乐,True
本以为是个深度作品，结果内涵浅薄，看完毫无收获。,0,转折关系,Normal,影视娱乐,True
特效场景很炫，但频繁使用让视觉疲劳，故事反而被忽略。,0,转折关系,Normal,影视娱乐,True
尽管有知名导演执导，但成品质量远低于预期，让人失望。,0,转折关系,Normal,影视娱乐,True
开头悬念设置得好，但解密过程太简单，缺乏惊喜。,0,转折关系,Normal,影视娱乐,True
我以为纪录片会真实感人，结果剪辑刻意煽情，失去可信度。,0,转折关系,Normal,影视娱乐,True
音乐起初动人，但重复使用后变得烦人，影响观影。,0,转折关系,Normal,影视娱乐,True
尽管演员努力，但剧本太弱，整体显得苍白无力。,0,转折关系,Normal,影视娱乐,True
本以为是个家庭喜剧，结果笑点低俗，不适合全家观看。,0,转折关系,Normal,影视娱乐,True
开头节奏快，但中段剧情散乱，让人失去兴趣。,0,转折关系,Normal,影视娱乐,True
特效技术先进，但故事逻辑不通，看完只觉得浪费钱。,0,转折关系,Normal,影视娱乐,True
尽管题材新颖，但执行不到位，最终效果平平。,0,转折关系,Normal,影视娱乐,True
这家披萨店位置真偏，导航导错了三次，但饼皮酥脆配料足，吃得很过瘾。,1,转折关系,Normal,美食餐饮,True
菜单上图片看着普通，端上来分量超大，味道比想象中好太多。,1,转折关系,Normal,美食餐饮,True
服务员态度冷淡，点菜时爱答不理，菜品却精致得每口都惊艳。,1,转折关系,Normal,美食餐饮,True
等位等了四十分钟，饿得前胸贴后背，第一口汤下肚瞬间治愈。,1,转折关系,Normal,美食餐饮,True
价格比旁边店贵一点，食材新鲜肉质嫩，算下来还挺值。,1,转折关系,Normal,美食餐饮,True
停车绕了三圈才找到空位，进店咖啡香浓甜点爽口，值了。,1,转折关系,Normal,美食餐饮,True
点餐时服务员老推荐贵菜，有点烦，吃了后确实美味难忘。,1,转折关系,Normal,美食餐饮,True
天热店里没空调闷得慌，冰品一口下去瞬间解暑爽快。,1,转折关系,Normal,美食餐饮,True
位置在商场角落难找，找到后蛋糕松软奶油不腻喜欢得很。,1,转折关系,Normal,美食餐饮,True
预定电话打不通麻烦，到店服务周到菜品惊艳体验棒。,1,转折关系,Normal,美食餐饮,True
餐具普通没特色，食物摆盘美味道层次丰富印象深刻。,1,转折关系,Normal,美食餐饮,True
价格标签模糊担心被坑，结账合理食物质量高安心了。,1,转折关系,Normal,美食餐饮,True
音乐太吵聊天得吼，鸡尾酒创意足口感顺滑忽略噪音。,1,转折关系,Normal,美食餐饮,True
桌子小放不下菜，每道菜精致小口品尝别有一番风味。,1,转折关系,Normal,美食餐饮,True
等位时无聊刷手机，上菜快热腾腾吃得很满足。,1,转折关系,Normal,美食餐饮,True
装修时尚适合拍照发圈，食物油腻吃完胃不舒服。,0,转折关系,Normal,美食餐饮,True
服务员热情介绍详细，菜品普通没什么记忆点。,0,转折关系,Normal,美食餐饮,True
网上好评如潮期待高，实际口味淡不合我胃口。,0,转折关系,Normal,美食餐饮,True
环境安静适合谈事，菜单选择少味道平平无奇。,0,转折关系,Normal,美食餐饮,True
价格便宜吸引人，食材不新鲜吃完拉肚子。,0,转折关系,Normal,美食餐饮,True
位置便利地铁口，餐厅拥挤等菜久味道差。,0,转折关系,Normal,美食餐饮,True
朋友强力推荐满怀希望，尝了后太甜腻得慌。,0,转折关系,Normal,美食餐饮,True
摆盘艺术像艺术品，吃起来冷冰冰口感硬。,0,转折关系,Normal,美食餐饮,True
餐厅名气大预订难，到店后服务差菜都凉了。,0,转折关系,Normal,美食餐饮,True
菜单丰富眼花缭乱，点了几样都一般没特色。,0,转折关系,Normal,美食餐饮,True
气氛浪漫灯光柔和，食物太咸破坏了心情。,0,转折关系,Normal,美食餐饮,True
宣传说有机食材健康，实际油大感觉不健康。,0,转折关系,Normal,美食餐饮,True
位置好找停车方便，里面嘈杂食物无亮点。,0,转折关系,Normal,美食餐饮,True
服务员笑容满面态度好，上菜慢等得不耐烦。,0,转折关系,Normal,美食餐饮,True
价格适中以为性价比高，分量小吃不饱。,0,转折关系,Normal,美食餐饮,True
装修复古有情怀，餐具脏影响食欲。,0,转折关系,Normal,美食餐饮,True
网上图片诱人实物差距大，味道也普通。,0,转折关系,Normal,美食餐饮,True
推荐招牌菜期待值拉满，吃起来平淡失望。,0,转折关系,Normal,美食餐饮,True
环境干净卫生好，厨师手艺一般菜没味。,0,转折关系,Normal,美食餐饮,True
位置隐蔽以为小众精品，实际普通不推荐。,0,转折关系,Normal,美食餐饮,True
你真是会“乱花钱”，买的这个扫地机器人这么智能，我家都干净多了。,1,反讽,Positive_Ironic,购物消费,True
你这个购物狂，居然买了这么便宜的牛排，煎出来嫩得跟高级餐厅一样。,1,反讽,Positive_Ironic,购物消费,True
他送的礼物真“寒酸”，就是个普通杯子，但保温效果超好，我天天用。,1,反讽,Positive_Ironic,购物消费,True
这件衣服“时尚”，穿出去一次就缩水，颜色也褪得不成样子。,0,反讽,Negative_Ironic,购物消费,True
这个APP“便捷”，注册流程复杂得我差点放弃。,0,反讽,Negative_Ironic,购物消费,True
那家餐厅“实惠”，份量少得可怜，价格却不便宜。,0,反讽,Negative_Ironic,购物消费,True
这双运动鞋“轻便”，跑了几步就鞋底开裂，差点摔跤。,0,反讽,Negative_Ironic,购物消费,True
网上买的书“全新”，收到时封面都皱了，还有污渍。,0,反讽,Negative_Ironic,购物消费,True
这个充电宝“耐用”，用了一次就充不进电，还发热。,0,反讽,Negative_Ironic,购物消费,True
促销活动“给力”，抢了半天啥也没买到，网站还崩溃了。,0,反讽,Negative_Ironic,购物消费,True
客服态度“友好”，问题没解决，还一直推荐其他产品。,0,反讽,Negative_Ironic,购物消费,True
快递服务“神速”，等了三天才到，包裹还破损了。,0,反讽,Negative_Ironic,购物消费,True
这款洗发水“滋养”，用了头皮痒得不行，头发还掉更多。,0,反讽,Negative_Ironic,购物消费,True
那个健身器材“高效”，组装起来麻烦，用了一次就闲置了。,0,反讽,Negative_Ironic,购物消费,True
这包零食“健康”，配料表全是添加剂，味道还怪。,0,反讽,Negative_Ironic,购物消费,True
会员制度“优惠”，年费扣了却没享受到啥特权。,0,反讽,Negative_Ironic,购物消费,True
电子产品“智能”，设置复杂得我看不懂说明书。,0,反讽,Negative_Ironic,购物消费,True
家具店“专业”，送货延迟了好几天，安装还出错。,0,反讽,Negative_Ironic,购物消费,True
美容产品“神奇”，用了皮肤过敏，红了一片。,0,反讽,Negative_Ironic,购物消费,True
购物节套餐“超值”，实际商品缺货，优惠券用不了。,0,反讽,Negative_Ironic,购物消费,True
儿童玩具“安全”，零件容易脱落，差点被孩子吞了。,0,反讽,Negative_Ironic,购物消费,True
超市打折“划算”，临期商品混着卖，回家就坏了。,0,反讽,Negative_Ironic,购物消费,True
网上课程“实用”，内容陈旧，讲师水平一般。,0,反讽,Negative_Ironic,购物消费,True
汽车配件“优质”，买了轮胎一个月就漏气。,0,反讽,Negative_Ironic,购物消费,True
宠物用品“优质”，狗粮吃了狗狗拉肚子。,0,反讽,Negative_Ironic,购物消费,True
家电购买“顺利”，送货延迟，安装还出错。,0,反讽,Negative_Ironic,购物消费,True
服装店“潮流”，衣服款式老土，质量还差。,0,反讽,Negative_Ironic,购物消费,True
生鲜配送“新鲜”，水果送到都烂了，没法吃。,0,反讽,Negative_Ironic,购物消费,True
手机套餐“省钱”，流量用超了费用翻倍。,0,反讽,Negative_Ironic,购物消费,True
书店“安静”，音乐吵得我读不下去书。,0,反讽,Negative_Ironic,购物消费,True
咖啡机“便捷”，清洗麻烦，咖啡渣到处都是。,0,反讽,Negative_Ironic,购物消费,True
瑜伽垫“防滑”，做动作时老打滑，差点受伤。,0,反讽,Negative_Ironic,购物消费,True
行李箱“坚固”，旅行一次轮子就掉了。,0,反讽,Negative_Ironic,购物消费,True
护肤品“温和”，用后脸上刺痛，还起皮。,0,反讽,Negative_Ironic,购物消费,True
上次坐高铁去北京，车厢干净座位宽敞，一路舒服。,1,简单句,Normal,出行旅游,True
海边散步时夕阳染红天空，海风惬意。,1,简单句,Normal,出行旅游,True
自驾游偶遇向日葵田，停车拍照美极了。,1,简单句,Normal,出行旅游,True
民宿老板热情推荐当地小吃，味道超棒。,1,简单句,Normal,出行旅游,True
早上森林徒步空气清新，鸟叫声心旷神怡。,1,简单句,Normal,出行旅游,True
飞机餐点意外好吃，还有电影看旅程不无聊。,1,简单句,Normal,出行旅游,True
租自行车环湖骑行风景如画，体力消耗不大。,1,简单句,Normal,出行旅游,True
酒店游泳池面对大海，游泳看日落浪漫。,1,简单句,Normal,出行旅游,True
露营晚上篝火聊天星星特别亮。,1,简单句,Normal,出行旅游,True
旅游巴士司机幽默讲笑话气氛活跃。,1,简单句,Normal,出行旅游,True
山上坐缆车俯瞰山谷视野开阔心情好。,1,简单句,Normal,出行旅游,True
导游带我们去隐秘瀑布人少景美推荐。,1,简单句,Normal,出行旅游,True
火车穿过隧道看到雪山全车人惊呼。,1,简单句,Normal,出行旅游,True
农家乐吃现烤鱼鲜嫩多汁回味无穷。,1,简单句,Normal,出行旅游,True
徒步到山顶看到云海一切都值了。,1,简单句,Normal,出行旅游,True
飞机准点行李没丢行程顺利。,1,简单句,Normal,出行旅游,True
景点厕所干净有热水细节不错。,1,简单句,Normal,出行旅游,True
民宿露台看星星银河清晰可见。,1,简单句,Normal,出行旅游,True
飞机延误四小时候机厅闷热难受。,0,简单句,Normal,出行旅游,True
跟团导游推销商品景点没好好看。,0,简单句,Normal,出行旅游,True
酒店空调坏了半夜热得睡不着投诉无用。,0,简单句,Normal,出行旅游,True
自驾遇大堵车浪费半天计划乱了。,0,简单句,Normal,出行旅游,True
景区门票贵里面没看头感觉被坑。,0,简单句,Normal,出行旅游,True
火车座位狭窄邻座大声打电话没法休息。,0,简单句,Normal,出行旅游,True
海边玩突然下雨没带伞全身湿透扫兴。,0,简单句,Normal,出行旅游,True
民宿照片美实际房间小又脏失望透顶。,0,简单句,Normal,出行旅游,True
旅游巴士空调太冷冻得哆嗦司机不给调。,0,简单句,Normal,出行旅游,True
山上徒步迷路手机没信号差点吓哭。,0,简单句,Normal,出行旅游,True
飞机餐难吃硬得像石头饿着肚子。,0,简单句,Normal,出行旅游,True
景点人山人海挤来挤去啥风景看不到。,0,简单句,Normal,出行旅游,True
租的车抛锚荒郊野外等救援又急又怕。,0,简单句,Normal,出行旅游,True
酒店早餐品种少味道差不如街边小吃。,0,简单句,Normal,出行旅游,True
跟团行程赶景点只给十分钟走马观花。,0,简单句,Normal,出行旅游,True
火车晚点到站半夜打不到车狼狈。,0,简单句,Normal,出行旅游,True
海滩晒伤皮肤火辣疼好几天才好。,0,简单句,Normal,出行旅游,True
景区厕所脏乱差味道难闻没法用。,0,简单句,Normal,出行旅游,True
旅游纪念品质量差买回来就坏浪费钱。,0,简单句,Normal,出行旅游,True
飞机座位不舒服靠背不能调长途累死。,0,简单句,Normal,出行旅游,True
这个芒果布丁口感Q弹，甜度适中，孩子们都抢着吃。,1,简单句,Normal,美食餐饮,True
朋友推荐的火锅店，毛肚涮一下就很嫩，汤底也鲜美。,1,简单句,Normal,美食餐饮,True
自己做的红烧肉，肥而不腻，入口即化，全家人都夸。,1,简单句,Normal,美食餐饮,True
下午在咖啡馆点了杯卡布奇诺，拉花漂亮，咖啡香浓。,1,简单句,Normal,美食餐饮,True
那家面包店的羊角包，外层酥脆，内里柔软，每天早上都排队买。,1,简单句,Normal,美食餐饮,True
昨晚的寿喜烧，牛肉片薄薄的，蘸着生鸡蛋吃特别滑嫩。,1,简单句,Normal,美食餐饮,True
这个季节的草莓又大又甜，做成草莓奶昔冰凉清爽。,1,简单句,Normal,美食餐饮,True
公司聚餐去的川菜馆，水煮鱼辣而不燥，鱼肉鲜嫩。,1,简单句,Normal,美食餐饮,True
在家煮的绿豆汤，加了冰糖，夏天喝了解暑又美味。,1,简单句,Normal,美食餐饮,True
周末烧烤，鸡翅腌得入味，烤出来外焦里嫩。,1,简单句,Normal,美食餐饮,True
那家奶茶店的珍珠奶茶，珍珠Q弹，茶味醇厚。,1,简单句,Normal,美食餐饮,True
朋友做的意大利面，酱汁浓郁，面条弹牙。,1,简单句,Normal,美食餐饮,True
那家日式拉面，汤头熬了十几个小时，味道醇厚。,1,简单句,Normal,美食餐饮,True
自己烤的饼干，加了巧克力豆，出炉时满屋飘香。,1,简单句,Normal,美食餐饮,True
去海边吃的海鲜大餐，螃蟹新鲜，肉质饱满。,1,简单句,Normal,美食餐饮,True
下午茶的点心拼盘，马卡龙色彩缤纷，甜度刚好。,1,简单句,Normal,美食餐饮,True
昨天点的外卖披萨，送到时都凉了，芝士也硬邦邦的。,0,简单句,Normal,美食餐饮,True
这家餐厅的牛排，要了七分熟却烤过头了，咬都咬不动。,0,简单句,Normal,美食餐饮,True
早上买的包子，皮厚馅少，吃了两口就扔了。,0,简单句,Normal,美食餐饮,True
那家快餐店的汉堡，肉饼干巴巴的，蔬菜也不新鲜。,0,简单句,Normal,美食餐饮,True
自己尝试做蛋糕，结果烤焦了，整个厨房都是烟。,0,简单句,Normal,美食餐饮,True
上次喝的奶茶，甜得发腻，珍珠还硬邦邦的。,0,简单句,Normal,美食餐饮,True
公司食堂的饭菜，经常是温的，味道也寡淡。,0,简单句,Normal,美食餐饮,True
那家甜品店的提拉米苏，奶油有点酸，可能放久了。,0,简单句,Normal,美食餐饮,True
点的酸辣汤，一点酸味都没有，反而咸得慌。,0,简单句,Normal,美食餐饮,True
烧烤摊的羊肉串，膻味太重，吃了一口就吐了。,0,简单句,Normal,美食餐饮,True
买的便当，米饭夹生，配菜也凉了。,0,简单句,Normal,美食餐饮,True
那家咖啡馆的拿铁，奶泡消得快，咖啡也苦。,0,简单句,Normal,美食餐饮,True
自己煮的面条，水放多了，变成面糊了。,0,简单句,Normal,美食餐饮,True
餐厅的沙拉，生菜叶子发黄，酱汁也怪怪的。,0,简单句,Normal,美食餐饮,True
点的炸鸡，外皮不脆，里面的肉还有血丝。,0,简单句,Normal,美食餐饮,True
那家面包店的吐司，放一天就变硬了，不好吃。,0,简单句,Normal,美食餐饮,True
喝的果汁，说是鲜榨的，但明显加了太多糖。,0,简单句,Normal,美食餐饮,True
火锅店的蘸料，芝麻酱稀得像水，没味道。,0,简单句,Normal,美食餐饮,True
自己做的咖喱，香料放多了，辣得受不了。,0,简单句,Normal,美食餐饮,True
那家日料店的寿司，米饭太黏，鱼也不新鲜。,0,简单句,Normal,美食餐饮,True
上次外卖骑手冒着雨送餐，用塑料袋包好一点没湿，挺感动的。,1,简单句,Normal,生活服务,True
超市收银员看我东西多，主动帮忙装袋还提醒用优惠券，省事不少。,1,简单句,Normal,生活服务,True
修手机师傅免费清理灰尘，屏幕修得跟新的一样，服务没话说。,1,简单句,Normal,生活服务,True
保洁阿姨打扫厨房连油烟机都擦亮，看着干净心情也好。,1,简单句,Normal,生活服务,True
银行柜员耐心解释业务步骤，我这个老年人听懂了，很贴心。,1,简单句,Normal,生活服务,True
送水工轻手轻脚怕吵邻居，这种细心让人舒服。,1,简单句,Normal,生活服务,True
洗衣店老板把我衬衫污渍洗掉，穿出去跟新买似的。,1,简单句,Normal,生活服务,True
物业修水管师傅动作快，修完还帮忙清理现场，省心。,1,简单句,Normal,生活服务,True
打车去机场司机提前到，路上指了最佳路线，很靠谱。,1,简单句,Normal,生活服务,True
网购退货客服主动联系指导，全程轻松搞定。,1,简单句,Normal,生活服务,True
健身房教练按我情况定计划，练完感觉浑身舒坦。,1,简单句,Normal,生活服务,True
宠物店店员给狗狗洗澡温柔，狗狗不闹还摇尾巴。,1,简单句,Normal,生活服务,True
装修工头每天汇报进度，材料用得放心，省了不少事。,1,简单句,Normal,生活服务,True
咖啡厅服务员记得我常点口味，每次去都暖心。,1,简单句,Normal,生活服务,True
租车公司还车检查员友好，没找茬顺利办完。,1,简单句,Normal,生活服务,True
医院导医耐心指路，挂号省了半小时排队。,1,简单句,Normal,生活服务,True
搬家工人包家具严实，搬完一点磕碰都没有。,1,简单句,Normal,生活服务,True
快递柜取件提示清晰，扫码开箱方便得很。,1,简单句,Normal,生活服务,True
社区活动组织得井井有条，大家玩得开心忘时间。,1,简单句,Normal,生活服务,True
快递送错地址客服推卸责任，气得我直接投诉。,0,简单句,Normal,生活服务,True
家政阿姨打扫打碎花瓶，连句道歉都没说。,0,简单句,Normal,生活服务,True
理发师剪发不听我意见，剪完像锅盖头后悔莫及。,0,简单句,Normal,生活服务,True
修空调师傅一来就说要加钱，不然不修。,0,简单句,Normal,生活服务,True
餐厅服务员爱理不理，等半小时菜才上桌。,0,简单句,Normal,生活服务,True
快递箱子破了里面东西压坏，送得还晚。,0,简单句,Normal,生活服务,True
保洁阿姨用我毛巾擦地，被发现还不承认。,0,简单句,Normal,生活服务,True
理发店托尼剪发时玩手机，刘海剪歪了。,0,简单句,Normal,生活服务,True
修电脑店说三天取拖了一周，效率太差。,0,简单句,Normal,生活服务,True
超市促销员硬拉我推销，烦得我转身就走。,0,简单句,Normal,生活服务,True
外卖汤洒一半袋子全湿，送餐员也没道歉。,0,简单句,Normal,生活服务,True
出租车司机绕路多收钱，投诉了也没用。,0,简单句,Normal,生活服务,True
银行ATM坏了没人管，排队挤成一团糟。,0,简单句,Normal,生活服务,True
洗衣店洗缩水毛衣，赔钱还不情愿。,0,简单句,Normal,生活服务,True
物业报修水管漏水等了三天才来人。,0,简单句,Normal,生活服务,True
网购商品描述不符退货要自付运费。,0,简单句,Normal,生活服务,True
健身房销售电话骚扰不停，拉黑都没用。,0,简单句,Normal,生活服务,True
宠物医院收费高检查半天没说清病情。,0,简单句,Normal,生活服务,True
装修工人偷工减料墙面刷得不均匀。,0,简单句,Normal,生活服务,True
咖啡厅wifi慢得像蜗牛，服务员不理人。,0,简单句,Normal,生活服务,True
昨晚熬夜追科幻片，宇宙场景的细节处理得让人惊叹不已。,1,简单句,Normal,影视娱乐,True
新上映的动画电影，色彩搭配柔和，孩子看后一直模仿角色动作。,1,简单句,Normal,影视娱乐,True
综艺里嘉宾即兴对谈，气氛轻松，笑得我肚子疼。,1,简单句,Normal,影视娱乐,True
老电影重看一遍，配乐响起时瞬间勾起童年回忆。,1,简单句,Normal,影视娱乐,True
纪录片拍摄野生动物，镜头捕捉的瞬间真实又震撼。,1,简单句,Normal,影视娱乐,True
悬疑剧反转出人意料，看完后还在和朋友讨论细节。,1,简单句,Normal,影视娱乐,True
喜剧片的幽默对白自然，电影院后排观众都笑出声。,1,简单句,Normal,影视娱乐,True
历史剧服饰精致，还原了古代宫廷的华丽景象。,1,简单句,Normal,影视娱乐,True
音乐剧演员演唱情感饱满，高音部分听得我起鸡皮疙瘩。,1,简单句,Normal,影视娱乐,True
动作片打斗设计流畅，主角的每个动作都干净利落。,1,简单句,Normal,影视娱乐,True
文艺片叙事缓慢如流水，看完后心里暖暖的。,1,简单句,Normal,影视娱乐,True
家庭剧情节贴近生活，让人想起自家琐事。,1,简单句,Normal,影视娱乐,True
动漫角色成长线完整，结局时忍不住为它鼓掌。,1,简单句,Normal,影视娱乐,True
真人秀挑战环节刺激，嘉宾们的坚持精神很感染人。,1,简单句,Normal,影视娱乐,True
电影摄影画面唯美，每个镜头都像艺术照。,1,简单句,Normal,影视娱乐,True
电视剧配乐恰到好处，悲伤时音乐让人落泪。,1,简单句,Normal,影视娱乐,True
短剧节奏快而不乱，十分钟讲完一个感人故事。,1,简单句,Normal,影视娱乐,True
周末独自看老电影，主角的孤独感演得特别到位。,1,简单句,Normal,影视娱乐,True
期待的动作片续集，打斗场面杂乱，看得头晕。,0,简单句,Normal,影视娱乐,True
爱情片对白矫揉造作，演员念台词像在背书。,0,简单句,Normal,影视娱乐,True
新综艺剧本痕迹重，嘉宾互动假得让人尴尬。,0,简单句,Normal,影视娱乐,True
悬疑剧逻辑漏洞多，凶手动机牵强，完全不合理。,0,简单句,Normal,影视娱乐,True
动画电影画风粗糙，角色动作僵硬不流畅。,0,简单句,Normal,影视娱乐,True
历史剧篡改史实，误导观众，看了很生气。,0,简单句,Normal,影视娱乐,True
喜剧片笑点低俗，全场只有零星几个笑声。,0,简单句,Normal,影视娱乐,True
动作片剪辑混乱，打斗时连谁打谁都看不清。,0,简单句,Normal,影视娱乐,True
文艺片节奏拖沓，看了半小时还没进入主题。,0,简单句,Normal,影视娱乐,True
音乐剧演唱跑调，音响效果差，歌词听不清。,0,简单句,Normal,影视娱乐,True
恐怖片全靠突然惊吓，没有心理恐怖，很无聊。,0,简单句,Normal,影视娱乐,True
纪录片内容浅显，像给小学生看的科普片。,0,简单句,Normal,影视娱乐,True
网剧演员演技生硬，台词背诵感强，容易出戏。,0,简单句,Normal,影视娱乐,True
电影结局强行圆满，不符合角色性格发展。,0,简单句,Normal,影视娱乐,True
电视剧集数太多，中间注水严重，总想快进。,0,简单句,Normal,影视娱乐,True
综艺游戏环节重复，看了几期就觉得腻味。,0,简单句,Normal,影视娱乐,True
老电影翻拍版失去原味，添加的元素画蛇添足。,0,简单句,Normal,影视娱乐,True
科幻片科学设定漏洞百出，经不起仔细推敲。,0,简单句,Normal,影视娱乐,True
短剧剧情仓促，人物塑造单薄，看完就忘了。,0,简单句,Normal,影视娱乐,True
网上买的那条裙子，版型正，穿上显瘦，颜色也很衬肤色。,1,简单句,Normal,购物消费,True
在超市买的苹果，又脆又甜，一家人吃得很开心。,1,简单句,Normal,购物消费,True
上周买的扫地机器人，每天自动清扫，地板干净多了。,1,简单句,Normal,购物消费,True
书店里挑的儿童绘本，插图生动，孩子看了爱不释手。,1,简单句,Normal,购物消费,True
网购的瑜伽垫，防滑效果好，做动作时很稳定。,1,简单句,Normal,购物消费,True
商场促销时买的羽绒服，保暖性超强，冬天穿不冷。,1,简单句,Normal,购物消费,True
在咖啡店买的拿铁，拉花漂亮，味道醇厚，心情都好了。,1,简单句,Normal,购物消费,True
买的那个智能手表，计步准确，提醒功能很实用。,1,简单句,Normal,购物消费,True
网上买的书籍，包装完好，没有折痕，阅读体验佳。,1,简单句,Normal,购物消费,True
超市买的酸奶，口感细腻，搭配水果吃更美味。,1,简单句,Normal,购物消费,True
买的那个旅行背包，分区合理，出行时东西好整理。,1,简单句,Normal,购物消费,True
网上预订的餐厅位子，到店直接入座，不用等。,1,简单句,Normal,购物消费,True
买的那个手机支架，角度可调，看视频很方便。,1,简单句,Normal,购物消费,True
在花店买的多肉植物，好养活，每天看看心情好。,1,简单句,Normal,购物消费,True
网购的拖鞋，鞋底厚实，在家走路不累脚。,1,简单句,Normal,购物消费,True
上次买的那个电饭煲，煮饭老是夹生，根本没法用。,0,简单句,Normal,购物消费,True
在店里试的那双鞋，走路时磨脚，后跟都起泡了。,0,简单句,Normal,购物消费,True
网上买的衬衫，洗了一次就褪色，颜色变得很难看。,0,简单句,Normal,购物消费,True
超市买的饼干，打开后发现受潮了，口感变软。,0,简单句,Normal,购物消费,True
买的那个充电宝，电量虚标，用一会儿就没电了。,0,简单句,Normal,购物消费,True
在商场买的裤子，拉链容易卡住，穿脱麻烦。,0,简单句,Normal,购物消费,True
网购的玩具，零件松动，孩子玩几下就坏了。,0,简单句,Normal,购物消费,True
超市买的牛奶，保质期短，还没喝就过期了。,0,简单句,Normal,购物消费,True
买的那个台灯，光线刺眼，看书眼睛不舒服。,0,简单句,Normal,购物消费,True
在餐厅点的外卖，送餐迟到，饭菜都凉了。,0,简单句,Normal,购物消费,True
网上买的手机膜，贴上去有气泡，影响触控。,0,简单句,Normal,购物消费,True
超市买的蔬菜，不新鲜，叶子都黄了。,0,简单句,Normal,购物消费,True
买的那个吹风机，风力太小，吹干头发要很久。,0,简单句,Normal,购物消费,True
在书店买的杂志，内容重复，看了没新意。,0,简单句,Normal,购物消费,True
网购的鞋子，尺码不准，穿起来太紧。,0,简单句,Normal,购物消费,True
超市买的牙膏，味道奇怪，刷完牙还有异味。,0,简单句,Normal,购物消费,True
买的那个保温杯，盖子漏水，放在包里弄湿东西。,0,简单句,Normal,购物消费,True
在电器店买的电视，画面有坏点，看着不舒服。,0,简单句,Normal,购物消费,True
网上预订的电影票，座位不好，视角太偏。,0,简单句,Normal,购物消费,True
超市买的洗发水，用了头皮过敏，起红疹。,0,简单句,Normal,购物消费,True
昨天朋友突然来访，带了我最爱的甜点，超开心。,1,简单句,Normal,日常社交,True
周末和闺蜜去爬山，一路上说说笑笑，感觉特别好。,1,简单句,Normal,日常社交,True
同事今天帮我顶班，让我能早点回家陪孩子。,1,简单句,Normal,日常社交,True
邻居大叔修好了我的自行车，还不要报酬。,1,简单句,Normal,日常社交,True
生日那天，收到好多朋友的消息祝福，心里暖暖的。,1,简单句,Normal,日常社交,True
和同学聚餐，大家回忆往事，笑个不停。,1,简单句,Normal,日常社交,True
妈妈的朋友送来自制果酱，味道超级棒。,1,简单句,Normal,日常社交,True
昨天在公园偶遇老邻居，聊了很久，很亲切。,1,简单句,Normal,日常社交,True
同事分享了他的工作经验，对我帮助很大。,1,简单句,Normal,日常社交,True
朋友邀请我去他家吃饭，厨艺一流，吃得很满足。,1,简单句,Normal,日常社交,True
今天同事请喝咖啡，提神又暖心。,1,简单句,Normal,日常社交,True
和朋友视频聊天，虽然远隔千里，但感觉很近。,1,简单句,Normal,日常社交,True
邻居小孩帮我取了快递，很懂事。,1,简单句,Normal,日常社交,True
昨天团队合作项目，大家配合默契，提前完成。,1,简单句,Normal,日常社交,True
收到远方朋友的明信片，上面写满了祝福。,1,简单句,Normal,日常社交,True
同事在我生病时送来药和水果，很感动。,1,简单句,Normal,日常社交,True
昨天参加婚礼，见到好多老朋友，气氛热烈。,1,简单句,Normal,日常社交,True
约好和朋友吃饭，他却临时取消，让我白等。,0,简单句,Normal,日常社交,True
同事总是在背后说人坏话，让人不舒服。,0,简单句,Normal,日常社交,True
邻居装修噪音太大，影响休息。,0,简单句,Normal,日常社交,True
昨天聚会时，有人一直玩手机，冷场了。,0,简单句,Normal,日常社交,True
朋友借了我的钱，一直没还，催了几次也没用。,0,简单句,Normal,日常社交,True
和室友因为用卫生间时间吵架，很烦。,0,简单句,Normal,日常社交,True
同事把错误推给我，害我被老板批评。,0,简单句,Normal,日常社交,True
说好一起旅行，朋友突然说不去了，计划全乱。,0,简单句,Normal,日常社交,True
邻居的狗经常跑到我家院子里，弄得很脏。,0,简单句,Normal,日常社交,True
昨天在群里发消息，没人回应，感觉被忽视。,0,简单句,Normal,日常社交,True
朋友总是迟到，每次都要等好久。,0,简单句,Normal,日常社交,True
同事占用公共区域放东西，影响大家使用。,0,简单句,Normal,日常社交,True
和同学讨论问题，他态度很傲慢，聊不下去。,0,简单句,Normal,日常社交,True
邻居晚上开派对，声音太大，吵得睡不着。,0,简单句,Normal,日常社交,True
昨天帮忙搬家，朋友却一点不帮忙，光指挥。,0,简单句,Normal,日常社交,True
同事偷用我的创意，还说是自己的。,0,简单句,Normal,日常社交,True
和朋友约好看电影，他买了票却没告诉我时间。,0,简单句,Normal,日常社交,True
邻居小孩经常乱扔垃圾，说了也不听。,0,简单句,Normal,日常社交,True
昨天团队活动，有人一直抱怨，扫兴。,0,简单句,Normal,日常社交,True
朋友答应帮我忙，结果忘了，耽误了事情。,0,简单句,Normal,日常社交,True
坐高铁去上海，车厢里干净整洁，没有一点不舒服的感觉。,1,双重否定,Normal,出行旅游,True
导游讲解历史故事，生动有趣，游客无不听得入迷。,1,双重否定,Normal,出行旅游,True
这家民宿的早餐丰盛多样，尝过后不能不夸主人手艺好。,1,双重否定,Normal,出行旅游,True
自驾游路上风景如画，停下车拍照，无不觉得心旷神怡。,1,双重否定,Normal,出行旅游,True
机场安检速度快，队伍短，旅客没有不称赞的。,1,双重否定,Normal,出行旅游,True
爬山时天气晴好，山顶视野开阔，没有不被震撼的。,1,双重否定,Normal,出行旅游,True
火车座位宽敞，躺下休息，长途旅行没有一点累。,1,双重否定,Normal,出行旅游,True
海滩水清沙细，游泳后晒太阳，没有不喜欢的。,1,双重否定,Normal,出行旅游,True
旅游APP订票顺利，每次操作没有不成功的。,1,双重否定,Normal,出行旅游,True
古镇小吃摊香味扑鼻，尝过的人无不回味。,1,双重否定,Normal,出行旅游,True
露营夜晚星空璀璨，躺在帐篷里不能不享受。,1,双重否定,Normal,出行旅游,True
旅游保险理赔当天到账，客户没有不满意的。,1,双重否定,Normal,出行旅游,True
景区指示牌清晰，跟着走无不顺利找到景点。,1,双重否定,Normal,出行旅游,True
酒店游泳池水温适宜，游完泳没有一点不适。,1,双重否定,Normal,出行旅游,True
旅游团氛围轻松，大家聊天无不成为朋友。,1,双重否定,Normal,出行旅游,True
坐游轮看日落，海风轻拂，没有不惬意的。,1,双重否定,Normal,出行旅游,True
旅游摄影服务专业，拍出的照片无不精美。,1,双重否定,Normal,出行旅游,True
景点维护得好，设施齐全，游客没有不夸的。,1,双重否定,Normal,出行旅游,True
飞机延误两小时，候机室里乘客没有不焦急的。,0,双重否定,Normal,出行旅游,True
酒店房间潮湿发霉，住客无不抱怨环境差。,0,双重否定,Normal,出行旅游,True
旅游大巴空调坏了，夏天旅行不能不难受。,0,双重否定,Normal,出行旅游,True
景点人挤人，排队等了一小时，游客没有不烦躁的。,0,双重否定,Normal,出行旅游,True
租的车子老旧漏油，开起来无不担心抛锚。,0,双重否定,Normal,出行旅游,True
导游强制购物三小时，团队无不反感。,0,双重否定,Normal,出行旅游,True
旅游餐食咸得发苦，吃过后无不失望。,0,双重否定,Normal,出行旅游,True
行李箱在托运中摔坏，主人没有不生气的。,0,双重否定,Normal,出行旅游,True
景区门票突然涨价，游客无不觉得不值。,0,双重否定,Normal,出行旅游,True
火车上隔壁小孩吵闹，夜晚休息没有一点安宁。,0,双重否定,Normal,出行旅游,True
旅游路线偏僻没信号，导航不能用不能不焦虑。,0,双重否定,Normal,出行旅游,True
民宿床单有污渍，住客无不恶心。,0,双重否定,Normal,出行旅游,True
旅游纪念品全是假货，买家没有不上当的。,0,双重否定,Normal,出行旅游,True
机场退税排队长，手续繁琐，旅客不能不抱怨。,0,双重否定,Normal,出行旅游,True
旅游APP经常闪退，订票时没有不出错的。,0,双重否定,Normal,出行旅游,True
海滩垃圾成堆，游泳后没有一点愉快。,0,双重否定,Normal,出行旅游,True
旅游保险条款模糊，理赔时无不困难。,0,双重否定,Normal,出行旅游,True
酒店WiFi慢得像蜗牛，上网不能不烦躁。,0,双重否定,Normal,出行旅游,True
昨晚看那部科幻片，特效简直了，没有一处不让人目瞪口呆。,1,双重否定,Normal,影视娱乐,True
这部电影的剪辑太乱，没有一段不看得人头晕。,0,双重否定,Normal,影视娱乐,True
综艺广告插得太多，没有一期不被观众骂。,0,双重否定,Normal,影视娱乐,True
纪录片里的真实故事，没有不让我流泪的。,1,双重否定,Normal,影视娱乐,True
剧情老套到不行，没有观众不提前猜中结局。,0,双重否定,Normal,影视娱乐,True
看喜剧时笑到肚子疼，没有一刻不放松。,1,双重否定,Normal,影视娱乐,True
演员台词念得生硬，没有一句不尴尬。,0,双重否定,Normal,影视娱乐,True
导演的叙事手法，没有不让人沉浸其中的。,1,双重否定,Normal,影视娱乐,True
特效粗糙得像玩具，没有场景不出戏。,0,双重否定,Normal,影视娱乐,True
老戏骨的表演，没有一次不让人佩服得五体投地。,1,双重否定,Normal,影视娱乐,True
剧情拖沓得我想快进，没有一刻不无聊。,0,双重否定,Normal,影视娱乐,True
电影配乐响起时，没有不增强情感氛围的瞬间。,1,双重否定,Normal,影视娱乐,True
综艺游戏设计得太傻，没有观众不换台。,0,双重否定,Normal,影视娱乐,True
电影穿帮镜头一堆，没有一处不被网友发现。,0,双重否定,Normal,影视娱乐,True
看战争片宏大场面，没有不被震撼的观众。,1,双重否定,Normal,影视娱乐,True
导演选角失败，没有角色不让人失望。,0,双重否定,Normal,影视娱乐,True
剧情反转巧妙到，没有观众不惊讶得叫出声。,1,双重否定,Normal,影视娱乐,True
演员妆容夸张得吓人，没有镜头不违和。,0,双重否定,Normal,影视娱乐,True
电影宣传吹过头，没有不让人反感的。,0,双重否定,Normal,影视娱乐,True
动画片细节精致，没有一处不精心制作。,1,双重否定,Normal,影视娱乐,True
剧情逻辑漏洞百出，没有一处不让人质疑。,0,双重否定,Normal,影视娱乐,True
演员方言说得地道，没有不增加真实感的表演。,1,双重否定,Normal,影视娱乐,True
特效颜色刺眼，没有场景不让人眼睛疼。,0,双重否定,Normal,影视娱乐,True
综艺剪辑跳跃混乱，没有一期不看得人迷糊。,0,双重否定,Normal,影视娱乐,True
演员默契十足，没有一场戏不流畅自然。,1,双重否定,Normal,影视娱乐,True
电影配乐突兀响起，没有不破坏氛围的时候。,0,双重否定,Normal,影视娱乐,True
看纪录片时，没有不被真实故事打动的时刻。,1,双重否定,Normal,影视娱乐,True
演员表演浮夸过头，没有一场不让人出戏。,0,双重否定,Normal,影视娱乐,True
导演的长镜头运用，没有不展示功力的片段。,1,双重否定,Normal,影视娱乐,True
剧情强行煽情，没有一刻不尴尬得脚趾抠地。,0,双重否定,Normal,影视娱乐,True
影视奖项评选公正，没有不认可其优秀的。,1,双重否定,Normal,影视娱乐,True
电影台词错漏频出，没有一次不被批评。,0,双重否定,Normal,影视娱乐,True
喜剧片笑点密集，没有观众不乐开怀。,1,双重否定,Normal,影视娱乐,True
综艺内容无聊透顶，没有一期不让人想关电视。,0,双重否定,Normal,影视娱乐,True
演员情感爆发戏，没有不让人心潮澎湃的。,1,双重否定,Normal,影视娱乐,True
影视黑幕传闻多，没有一次不被质疑的。,0,双重否定,Normal,影视娱乐,True
这款洗发水洗完头发顺滑还带香，用过的人没有不说好的。,1,双重否定,Normal,购物消费,True
在超市买的牛奶口感浓郁，喝过的朋友无不称赞。,1,双重否定,Normal,购物消费,True
书店小说情节精彩，读者没有不一口气读完的。,1,双重否定,Normal,购物消费,True
餐厅外卖味道正宗，吃过的人没有不回头的。,1,双重否定,Normal,购物消费,True
护肤品保湿效果明显，用过皮肤水润，没有不说有效的。,1,双重否定,Normal,购物消费,True
在线支付便捷到非用不可，省了很多时间。,1,双重否定,Normal,购物消费,True
健身器材用后效果显著，用户没有不坚持锻炼的。,1,双重否定,Normal,购物消费,True
外套面料舒适，穿过的同事无不询问品牌。,1,双重否定,Normal,购物消费,True
超市酸奶口感滑嫩，吃过的孩子没有不喜欢的。,1,双重否定,Normal,购物消费,True
网店客服热情及时，不能不让人点赞。,1,双重否定,Normal,购物消费,True
薯片脆度刚好调味适中，没有不抢着吃的。,1,双重否定,Normal,购物消费,True
电子产品性能稳定，使用中没有不出问题的。,1,双重否定,Normal,购物消费,True
餐厅服务周到细节到位，顾客没有不感动的。,1,双重否定,Normal,购物消费,True
书店环境安静书籍丰富，读者没有不留恋的。,1,双重否定,Normal,购物消费,True
网店退换货政策灵活，用户没有不赞赏的。,1,双重否定,Normal,购物消费,True
玩具孩子玩得开心，没有不继续购买的。,1,双重否定,Normal,购物消费,True
超市促销实惠划算，购物者没有不参与的。,1,双重否定,Normal,购物消费,True
这家店衣服洗一次就变形，没有一件是能穿久的。,0,双重否定,Normal,购物消费,True
电子产品售后等待时间长，不能不让人失望。,0,双重否定,Normal,购物消费,True
买的包线头多做工差，非退货不可。,0,双重否定,Normal,购物消费,True
超市促销规则复杂，无顾客不感到困惑。,0,双重否定,Normal,购物消费,True
网店物流慢快递延误，没有订单是不延迟的。,0,双重否定,Normal,购物消费,True
这款零食口感油腻，吃过之后没有不后悔的。,0,双重否定,Normal,购物消费,True
在这家店消费价格虚高，没有顾客是不抱怨的。,0,双重否定,Normal,购物消费,True
玩具玩几次就坏，不能不说是质量差。,0,双重否定,Normal,购物消费,True
餐厅服务态度冷漠，差到让人非投诉不可。,0,双重否定,Normal,购物消费,True
网店商品描述不符实物差，没有买家是不失望的。,0,双重否定,Normal,购物消费,True
超市生鲜买回家就坏，没有一次是不浪费的。,0,双重否定,Normal,购物消费,True
鞋子穿一天就磨脚，不能不说是设计缺陷。,0,双重否定,Normal,购物消费,True
餐厅菜品味道平淡，吃过之后没有不想换店的。,0,双重否定,Normal,购物消费,True
网店客服回复慢效率低，没有顾客是不生气的。,0,双重否定,Normal,购物消费,True
衣服尺寸不准换货麻烦，非差评不可。,0,双重否定,Normal,购物消费,True
超市收银排队时间长，无不让人烦躁。,0,双重否定,Normal,购物消费,True
护肤品用后过敏，没有不停止使用的。,0,双重否定,Normal,购物消费,True
餐厅卫生差环境脏乱，没有食客是不担心的。,0,双重否定,Normal,购物消费,True
昨天快递员送货上门，时间准，包裹完好，没有一次延误过。,1,双重否定,Normal,生活服务,True
这家修手机的小店技术真棒，我的手机修好后运行如新，不可能不推荐给朋友。,1,双重否定,Normal,生活服务,True
每次点这家外卖，送餐员都礼貌周到，餐品热乎，没有一次不让人满意。,1,双重否定,Normal,生活服务,True
小区的保安大叔很负责，晚上巡逻从不间断，没有一处不安全的地方。,1,双重否定,Normal,生活服务,True
上次水管漏水，维修师傅来得快，修得彻底，问题没有不解决的时候。,1,双重否定,Normal,生活服务,True
这家洗衣店洗衣服很干净，我送洗的衬衫每次都洁白如新，从没出过差错。,1,双重否定,Normal,生活服务,True
购物网站的售后服务很好，退货退款流程顺畅，没有一个顾客不称赞。,1,双重否定,Normal,生活服务,True
家政阿姨打扫卫生很细致，角角落落都擦到，没有一处不干净的。,1,双重否定,Normal,生活服务,True
快递包装严实，物品完好无损，没有一次损坏的情况发生。,1,双重否定,Normal,生活服务,True
修车厂的服务态度好，修车速度快，没有一次让顾客等待太久。,1,双重否定,Normal,生活服务,True
外卖送餐准时，餐品温度合适，没有一次冷掉的时候。,1,双重否定,Normal,生活服务,True
社区活动组织得井井有条，每次参与都没有不愉快的经历。,1,双重否定,Normal,生活服务,True
快递员送货前总打电话确认，服务周到，没有一次疏忽。,1,双重否定,Normal,生活服务,True
维修电器的小哥技术高超，问题总能解决，没有修不好的时候。,1,双重否定,Normal,生活服务,True
保洁服务后家里焕然一新，没有一处不整洁的角落。,1,双重否定,Normal,生活服务,True
客服回复及时，解答清楚，没有一次让人困惑的情况。,1,双重否定,Normal,生活服务,True
寄快递时工作人员耐心指导，没有一次填错单子的情况。,1,双重否定,Normal,生活服务,True
社区维修路灯迅速，晚上出行安全，没有一次不亮的时候。,1,双重否定,Normal,生活服务,True
这家快递公司丢件频繁，我寄的包裹没有一次不丢失的。,0,双重否定,Normal,生活服务,True
修鞋店的手艺太差，鞋子修完后没有一双不再次损坏的。,0,双重否定,Normal,生活服务,True
外卖送餐总是迟到，餐品冷掉，没有一次准时送达过。,0,双重否定,Normal,生活服务,True
小区保洁马虎，楼道垃圾随处可见，没有一处干净的地方。,0,双重否定,Normal,生活服务,True
客服态度恶劣，问题解决不了，没有一次不让人生气的。,0,双重否定,Normal,生活服务,True
维修水管后漏水更严重，没有一次修好的情况。,0,双重否定,Normal,生活服务,True
洗衣店洗坏衣服，我的外套染色了，没有一次不出问题的。,0,双重否定,Normal,生活服务,True
购物售后推诿责任，退货困难，没有一个顾客不抱怨的。,0,双重否定,Normal,生活服务,True
家政服务打扫不彻底，灰尘堆积，没有一处彻底清洁的。,0,双重否定,Normal,生活服务,True
快递包装破损，物品损坏，没有一次完好的送达。,0,双重否定,Normal,生活服务,True
修车厂收费过高，服务差，没有一次让顾客满意的。,0,双重否定,Normal,生活服务,True
外卖餐品错送，订单混乱，没有一次正确的配送。,0,双重否定,Normal,生活服务,True
社区活动组织混乱，参与后没有一次愉快的体验。,0,双重否定,Normal,生活服务,True
快递员不打电话直接放门口，包裹丢失，没有一次安全的投递。,0,双重否定,Normal,生活服务,True
维修电器越修越坏，没有一次成功修复的。,0,双重否定,Normal,生活服务,True
保洁服务后家里还是脏乱，没有一处真正干净的。,0,双重否定,Normal,生活服务,True
客服电话难打通，等待时间长，没有一次及时接通的。,0,双重否定,Normal,生活服务,True
寄快递时工作人员态度冷淡，没有一次热情的接待。,0,双重否定,Normal,生活服务,True
社区路灯坏了不修，晚上漆黑，没有一次亮着的时候。,0,双重否定,Normal,生活服务,True
外卖送餐员态度粗鲁，餐品洒漏，没有一次礼貌的服务。,0,双重否定,Normal,生活服务,True
这家烧烤店的羊肉串，烤得外焦里嫩，不是不香，是香得让人停不下来。,1,双重否定,Normal,美食餐饮,True
妈妈做的红烧肉，每次吃都没有不觉得满足的时候，肉质软烂入味。,1,双重否定,Normal,美食餐饮,True
那家咖啡馆的拿铁，奶泡打得细腻，从来没有不好喝过，我每天必点。,1,双重否定,Normal,美食餐饮,True
尝试了朋友推荐的火锅店，毛肚涮三秒，无不鲜嫩的，口感绝佳。,1,双重否定,Normal,美食餐饮,True
昨晚吃的海鲜大餐，龙虾新鲜弹牙，不是没有一点惊喜，是超出预期。,1,双重否定,Normal,美食餐饮,True
这家甜品店的芒果布丁，口感顺滑，从来没有不喜欢的顾客。,1,双重否定,Normal,美食餐饮,True
早餐摊的煎饼果子，薄脆酥香，没有一次不让我满意而归。,1,双重否定,Normal,美食餐饮,True
公司楼下的快餐，鸡腿饭分量足，不是不实惠，是物超所值。,1,双重否定,Normal,美食餐饮,True
那家日料店的刺身拼盘，每一片都鲜美，无不赞叹的。,1,双重否定,Normal,美食餐饮,True
自己在家烤的蛋糕，出炉时香气扑鼻，从来没有失败过。,1,双重否定,Normal,美食餐饮,True
这家川菜馆的水煮鱼，麻辣鲜香，没有一个人不叫好的。,1,双重否定,Normal,美食餐饮,True
周末聚餐的披萨，芝士拉丝，不是不诱人，是让人垂涎欲滴。,1,双重否定,Normal,美食餐饮,True
夜市的小吃摊，臭豆腐外酥内嫩，无不吸引食客的。,1,双重否定,Normal,美食餐饮,True
那家素食餐厅的菜品，创意十足，从来没有不健康的顾虑。,1,双重否定,Normal,美食餐饮,True
朋友做的意面，酱汁浓郁，没有不光盘的时候。,1,双重否定,Normal,美食餐饮,True
这家奶茶店的珍珠奶茶，珍珠Q弹，不是不好喝，是会上瘾。,1,双重否定,Normal,美食餐饮,True
尝试了新出的冰淇淋口味，每一口都甜蜜，无不喜欢的。,1,双重否定,Normal,美食餐饮,True
那家老字号的包子铺，包子皮薄馅大，从来没有不好吃的时候。,1,双重否定,Normal,美食餐饮,True
在家炖的鸡汤，火候刚好，没有不滋补的感觉。,1,双重否定,Normal,美食餐饮,True
这家快餐店的汉堡，肉饼干柴，不是不油腻，是油得恶心。,0,双重否定,Normal,美食餐饮,True
那家餐厅的沙拉，蔬菜不新鲜，没有一个人不抱怨的。,0,双重否定,Normal,美食餐饮,True
上次点的外卖寿司，米饭硬邦邦，从来没有好吃过。,0,双重否定,Normal,美食餐饮,True
尝试了网红奶茶，甜度超标，不是不甜，是甜到齁。,0,双重否定,Normal,美食餐饮,True
那家火锅店的汤底，味道寡淡，没有不觉得无味的。,0,双重否定,Normal,美食餐饮,True
自己煮的咖啡，豆子过期，从来没有不苦的时候。,0,双重否定,Normal,美食餐饮,True
这家披萨店的披萨，饼底厚硬，没有一块是不难嚼的。,0,双重否定,Normal,美食餐饮,True
夜市的小笼包，皮厚馅少，不是不失望，是彻底失败。,0,双重否定,Normal,美食餐饮,True
那家烧烤店的烤串，调料过咸，无不吐槽的。,0,双重否定,Normal,美食餐饮,True
朋友推荐的甜品，慕斯蛋糕化掉了，从来没有不融化的。,0,双重否定,Normal,美食餐饮,True
这家面馆的牛肉面，肉少汤淡，没有不觉得亏的。,0,双重否定,Normal,美食餐饮,True
尝试了新出的能量棒，口感像嚼蜡，不是不难吃，是难以下咽。,0,双重否定,Normal,美食餐饮,True
那家日料店的寿司，鱼生不新鲜，无不退货的。,0,双重否定,Normal,美食餐饮,True
自己烤的饼干，烤焦了，从来没有不焦的时候。,0,双重否定,Normal,美食餐饮,True
这家自助餐的菜品，种类少质量差，没有不后悔来的。,0,双重否定,Normal,美食餐饮,True
外卖点的炸鸡，送过来都软了，不是不脆，是彻底软塌。,0,双重否定,Normal,美食餐饮,True
那家咖啡店的卡布奇诺，奶泡粗糙，无不差评的。,0,双重否定,Normal,美食餐饮,True
尝试了低糖饮料，味道怪异，从来没有不奇怪的。,0,双重否定,Normal,美食餐饮,True
外卖送慢了半小时，打开盒子时咖喱还是热乎乎的，味道很正宗。,1,转折关系,Normal,美食餐饮,True
菜单上的图片看起来普通，实际尝了后，那道红烧肉入口即化。,1,转折关系,Normal,美食餐饮,True
朋友推荐的那家甜品店装修简陋，但提拉米苏的口感层次丰富。,1,转折关系,Normal,美食餐饮,True
我原本嫌这家餐馆贵，结账时发现人均才八十，菜品还精致。,1,转折关系,Normal,美食餐饮,True
排队时有点不耐烦，吃到第一口拉面时汤头鲜美得让我忘了等待。,1,转折关系,Normal,美食餐饮,True
环境嘈杂，服务员却细心推荐了适合的葡萄酒，搭配牛排完美。,1,转折关系,Normal,美食餐饮,True
网上评价说服务差，我去那天店员态度友好，还送了小菜。,1,转折关系,Normal,美食餐饮,True
食材看起来不新鲜，厨师现场处理后就变成了一道美味海鲜。,1,转折关系,Normal,美食餐饮,True
价格标签让我犹豫，尝过之后觉得这碗牛肉面物超所值。,1,转折关系,Normal,美食餐饮,True
位置在巷子里不好找，进去后氛围温馨，披萨烤得恰到好处。,1,转折关系,Normal,美食餐饮,True
我差点因为长队放弃，尝试后咖啡的香醇让我决定常来。,1,转折关系,Normal,美食餐饮,True
外表朴素的包子店，咬开后馅料多汁，早餐吃得很满足。,1,转折关系,Normal,美食餐饮,True
服务员上菜慢，但每道菜都摆盘精美，味道惊艳。,1,转折关系,Normal,美食餐饮,True
起初担心辣度过高，实际吃时辣中带香，越吃越上瘾。,1,转折关系,Normal,美食餐饮,True
装修老旧，餐具却干净，家常菜的味道让人怀念。,1,转折关系,Normal,美食餐饮,True
外卖包装简单，打开后寿司卷整齐，鱼生新鲜。,1,转折关系,Normal,美食餐饮,True
天气热不想出门，朋友硬拉我去，冰淇淋的清凉瞬间解暑。,1,转折关系,Normal,美食餐饮,True
看点评说一般，亲自体验后甜点的甜度控制得刚好，不腻。,1,转折关系,Normal,美食餐饮,True
餐厅环境优雅，坐下后等菜等了四十分钟，上来还是凉的。,0,转折关系,Normal,美食餐饮,True
招牌菜名气大，实际吃时肉质柴，调味也过咸。,0,转折关系,Normal,美食餐饮,True
我兴冲冲去尝新品，结果奶茶甜得齁人，喝完嘴里发涩。,0,转折关系,Normal,美食餐饮,True
网上图片诱人，实物端上来量少得可怜，性价比低。,0,转折关系,Normal,美食餐饮,True
服务员态度热情，推荐的特价菜却难以下咽，浪费钱。,0,转折关系,Normal,美食餐饮,True
位置方便停车，进去后发现桌椅油腻，卫生差。,0,转折关系,Normal,美食餐饮,True
我期待已久的自助餐，种类多但食材不新鲜，吃完肚子疼。,0,转折关系,Normal,美食餐饮,True
装修时尚，音乐却太吵，根本没法好好聊天。,0,转折关系,Normal,美食餐饮,True
朋友都说好吃，我试了后披萨饼底厚，芝士也少。,0,转折关系,Normal,美食餐饮,True
价格便宜，但食材以次充好，吃完后悔。,0,转折关系,Normal,美食餐饮,True
外卖准时送达，打开时汤汁洒了一袋，味道也淡。,0,转折关系,Normal,美食餐饮,True
菜单丰富，点了几道都踩雷，烹饪水平不稳定。,0,转折关系,Normal,美食餐饮,True
气氛浪漫，食物却普通，约会体验大打折扣。,0,转折关系,Normal,美食餐饮,True
我冲着米其林推荐去，菜式花哨但口感平庸。,0,转折关系,Normal,美食餐饮,True
排队时期待高，吃到嘴里汉堡肉饼干，面包也硬。,0,转折关系,Normal,美食餐饮,True
环境安静适合谈事，但空调太冷，饭菜很快凉掉。,0,转折关系,Normal,美食餐饮,True
宣传说健康低脂，实际油多得腻人，不减肥反增肥。,0,转折关系,Normal,美食餐饮,True
我特意早起去买早餐，包子皮厚馅少，不如街边摊。,0,转折关系,Normal,美食餐饮,True
服务生介绍得天花乱坠，实际菜品分量缩水，性价比低。,0,转折关系,Normal,美食餐饮,True
装修有特色，但厨房油烟味重，衣服都沾上味道。,0,转折关系,Normal,美食餐饮,True
这款耳机音质“绝了”，戴上后全是杂音，根本听不清。,0,反讽,Negative_Ironic,购物消费,True
网购的这件外套“质量上乘”，洗了一次就缩水得没法穿。,0,反讽,Negative_Ironic,购物消费,True
这家餐厅服务“热情”，点菜后等了半小时才上第一道菜。,0,反讽,Negative_Ironic,购物消费,True
快递速度“飞快”，下单一周了还没发货。,0,反讽,Negative_Ironic,购物消费,True
这款化妆品“持久”，早上涂的，中午就掉光了。,0,反讽,Negative_Ironic,购物消费,True
超市的生鲜“新鲜”，买回家一看都蔫了。,0,反讽,Negative_Ironic,购物消费,True
在线客服“专业”，问了三个问题，一个都没答对。,0,反讽,Negative_Ironic,购物消费,True
这个品牌的售后服务“周到”，维修一次花了两个月。,0,反讽,Negative_Ironic,购物消费,True
昨天在商场买的鞋子“舒适”，走两步脚就磨破了。,0,反讽,Negative_Ironic,购物消费,True
会员折扣“划算”，算下来比原价还贵。,0,反讽,Negative_Ironic,购物消费,True
这款洗衣液“强力去污”，洗了三次污渍还在。,0,反讽,Negative_Ironic,购物消费,True
家电保修“十年”，用了半年就坏了，修要自费。,0,反讽,Negative_Ironic,购物消费,True
网购平台“信誉良好”，收到货发现是假货。,0,反讽,Negative_Ironic,购物消费,True
这家店的装修“豪华”，东西贵得离谱。,0,反讽,Negative_Ironic,购物消费,True
促销员“热心推荐”，硬是推销了我不需要的东西。,0,反讽,Negative_Ironic,购物消费,True
这款软件“用户友好”，界面复杂到找不到设置。,0,反讽,Negative_Ironic,购物消费,True
快递包装“完好无损”，里面的东西却碎了。,0,反讽,Negative_Ironic,购物消费,True
这个品牌“口碑一流”，我用了一次就后悔了。,0,反讽,Negative_Ironic,购物消费,True
超市排队“效率高”，等了二十分钟才结账。,0,反讽,Negative_Ironic,购物消费,True
网购的书籍“全新”，封面有折痕和污渍。,0,反讽,Negative_Ironic,购物消费,True
这款零食“美味可口”，尝了一口就吐了。,0,反讽,Negative_Ironic,购物消费,True
售后服务电话“随时在线”，打了十次都没人接。,0,反讽,Negative_Ironic,购物消费,True
商场停车“方便”，绕了三圈找不到车位。,0,反讽,Negative_Ironic,购物消费,True
买的盆栽“生命力强”，养了一周就枯死了。,0,反讽,Negative_Ironic,购物消费,True
促销广告“真实可信”，买回来发现图片与实物不符。,0,反讽,Negative_Ironic,购物消费,True
快递小哥“态度友好”，把包裹扔在门口就走了。,0,反讽,Negative_Ironic,购物消费,True
这款枕头“助眠神器”，睡了一晚脖子疼。,0,反讽,Negative_Ironic,购物消费,True
在线支付“安全便捷”，被盗刷了两次。,0,反讽,Negative_Ironic,购物消费,True
这家网店“发货迅速”，下单后三天才显示已发货。,0,反讽,Negative_Ironic,购物消费,True
你可真“败家”，买的这个手表设计这么独特，戴出去谁都夸。,1,反讽,Positive_Ironic,购物消费,True
这家店“黑心”，衣服质量这么好还打折，我囤了好几件。,1,反讽,Positive_Ironic,购物消费,True
朋友送的这包“丑死了”，背起来超级搭，我天天用。,1,反讽,Positive_Ironic,购物消费,True
你“乱花钱”买的这耳机，音效震撼，我都想抢过来。,1,反讽,Positive_Ironic,购物消费,True
这餐厅“坑人”，菜品美味分量足，我们每周都来。,1,反讽,Positive_Ironic,购物消费,True
他“小气”送的这口红，颜色正持久，我超喜欢。,1,反讽,Positive_Ironic,购物消费,True
这促销“骗人”，东西便宜质量优，我推荐给全家。,1,反讽,Positive_Ironic,购物消费,True
这部电影开头有点闷，我差点睡着，但中间剧情突然反转，看得我心跳加速。,1,转折关系,Normal,影视娱乐,True
预告片剪得乱七八糟，以为不好看，但全片看完才发现导演用意很深。,1,转折关系,Normal,影视娱乐,True
虽然主角演技青涩，但配角的表演出彩，整体观感不错。,1,转折关系,Normal,影视娱乐,True
电影音乐平平无奇，但关键时刻的配乐恰到好处，提升了氛围。,1,转折关系,Normal,影视娱乐,True
尽管这个动画片画风简单，却剧情寓意深刻，适合全家观看。,1,转折关系,Normal,影视娱乐,True
纪录片节奏慢热，我快进了一段，但后面采访内容很震撼。,1,转折关系,Normal,影视娱乐,True
电影前半段平淡如水，不过结局一个彩蛋，让所有铺垫都值得。,1,转折关系,Normal,影视娱乐,True
综艺剪辑有点乱，然而嘉宾之间的默契互动，让人看了很舒服。,1,转折关系,Normal,影视娱乐,True
虽然特效不如好莱坞，但故事情节紧凑，国产片里算优秀。,1,转折关系,Normal,影视娱乐,True
电视剧更新慢，我等得着急，可是每集质量都高，没白等。,1,转折关系,Normal,影视娱乐,True
电影宣传低调，没抱太大希望，但观影体验超出预期。,1,转折关系,Normal,影视娱乐,True
音乐剧唱段一般，但舞蹈编排惊艳，现场效果很棒。,1,转折关系,Normal,影视娱乐,True
虽然这个系列电影前几部口碑差，但最新一部导演换了，风格大变好。,1,转折关系,Normal,影视娱乐,True
纪录片题材冷门，我差点跳过，但解说词写得生动，长知识了。,1,转折关系,Normal,影视娱乐,True
演员配音不贴脸，起初出戏，不过剧情发展到高潮，情感共鸣强。,1,转折关系,Normal,影视娱乐,True
综艺环节设置复杂，规则讲解长，然而一旦开始玩，趣味性十足。,1,转折关系,Normal,影视娱乐,True
演员都是老戏骨，我期待演技炸裂，但剧本太烂，浪费了好演员。,0,转折关系,Normal,影视娱乐,True
电影特效烧钱，画面华丽，但故事空洞，看完就忘。,0,转折关系,Normal,影视娱乐,True
虽然这个综艺请了当红明星，但游戏环节无聊，全程尬聊。,0,转折关系,Normal,影视娱乐,True
电视剧原著小说很火，改编后剧情魔改，粉丝纷纷吐槽。,0,转折关系,Normal,影视娱乐,True
电影音乐配乐大师操刀，可是和剧情不搭，反而出戏。,0,转折关系,Normal,影视娱乐,True
宣传片剪得精彩绝伦，吸引我去看，但正片节奏拖沓，昏昏欲睡。,0,转折关系,Normal,影视娱乐,True
尽管这个纪录片获奖无数，却观看过程枯燥，像在上课。,0,转折关系,Normal,影视娱乐,True
动画片画风精美，子供向，但故事低龄化，成年人看无趣。,0,转折关系,Normal,影视娱乐,True
演员阵容强大，海报设计也好看，不过导演功力不足，整体平庸。,0,转折关系,Normal,影视娱乐,True
电影开头悬念设置得好，我兴致勃勃，然而解谜部分牵强，失望。,0,转折关系,Normal,影视娱乐,True
综艺节目创意新颖，概念好，但执行不到位，效果差强人意。,0,转折关系,Normal,影视娱乐,True
虽然电视剧投资大，场景豪华，但演员演技僵硬，观感差。,0,转折关系,Normal,影视娱乐,True
音乐剧歌曲动听，我买了高价票，可是剧情老套，不值票价。,0,转折关系,Normal,影视娱乐,True
电影系列前作经典，我满怀期待，但续集狗尾续貂，毁经典。,0,转折关系,Normal,影视娱乐,True
纪录片题材热门，关注度高，不过拍摄手法陈旧，缺乏新意。,0,转折关系,Normal,影视娱乐,True
演员为角色增肥减肥，付出多，但剧本角色扁平，没发挥空间。,0,转折关系,Normal,影视娱乐,True
尽管这个综艺环节设置有趣，却嘉宾放不开，互动尴尬。,0,转折关系,Normal,影视娱乐,True
电影预告片悬念十足，吊足胃口，然而正片揭秘仓促，虎头蛇尾。,0,转折关系,Normal,影视娱乐,True
动画电影技术先进，3D效果逼真，但故事说教味浓，娱乐性低。,0,转折关系,Normal,影视娱乐,True
昨晚熬夜追新剧，男主眼神戏真绝，看得我心怦怦跳。,1,简单句,Normal,影视娱乐,True
周末和闺蜜看爱情片，结局甜得我俩傻笑不停。,1,简单句,Normal,影视娱乐,True
科幻电影特效震撼，影院里大家都惊呼起来。,1,简单句,Normal,影视娱乐,True
爷爷看老戏曲片入迷，连茶都忘了喝。,1,简单句,Normal,影视娱乐,True
新综艺嘉宾互动自然，像朋友聊天一样舒服。,1,简单句,Normal,影视娱乐,True
演员雨中的那场戏情感爆发，印象深刻。,1,简单句,Normal,影视娱乐,True
纪录片画面真实，让我学到很多历史知识。,1,简单句,Normal,影视娱乐,True
动画电影色彩鲜艳，孩子看得手舞足蹈。,1,简单句,Normal,影视娱乐,True
网剧更新快剧情紧凑，我一口气看十集。,1,简单句,Normal,影视娱乐,True
明星访谈分享故事真诚，我直接被圈粉。,1,简单句,Normal,影视娱乐,True
恐怖片氛围营造得好，吓得我抓紧抱枕。,1,简单句,Normal,影视娱乐,True
电影长镜头美如画，每个帧都想截图。,1,简单句,Normal,影视娱乐,True
老电影修复版清晰，重温经典感觉棒。,1,简单句,Normal,影视娱乐,True
演员为角色增肥，敬业精神让人佩服。,1,简单句,Normal,影视娱乐,True
电视剧OST好听，我单曲循环一整天。,1,简单句,Normal,影视娱乐,True
导演叙事手法新颖，看完全片还回味。,1,简单句,Normal,影视娱乐,True
影院看3D电影身临其境，体验超棒。,1,简单句,Normal,影视娱乐,True
综艺嘉宾互动尴尬，看得我脚趾抠地。,0,简单句,Normal,影视娱乐,True
电影特效粗糙假得很，让人出戏。,0,简单句,Normal,影视娱乐,True
演员台词念得生硬，像在背书一样。,0,简单句,Normal,影视娱乐,True
网剧更新慢，等得我心急火燎。,0,简单句,Normal,影视娱乐,True
纪录片内容肤浅，没什么干货可看。,0,简单句,Normal,影视娱乐,True
喜剧片梗太老，我一点笑不出来。,0,简单句,Normal,影视娱乐,True
动画片画风诡异，孩子看了直害怕。,0,简单句,Normal,影视娱乐,True
电影时长太长，中间我睡了一觉。,0,简单句,Normal,影视娱乐,True
明星在节目里做作，看着很不舒服。,0,简单句,Normal,影视娱乐,True
电视剧剪辑混乱，时间线看不懂。,0,简单句,Normal,影视娱乐,True
老电影画质差，看得我眼睛疼。,0,简单句,Normal,影视娱乐,True
综艺广告植入生硬，影响观感。,0,简单句,Normal,影视娱乐,True
演员演技浮夸，表情管理失败。,0,简单句,Normal,影视娱乐,True
电影结局仓促，很多坑没填好。,0,简单句,Normal,影视娱乐,True
网剧成本低场景简陋，像话剧布景。,0,简单句,Normal,影视娱乐,True
访谈节目主持人话多，嘉宾没机会说。,0,简单句,Normal,影视娱乐,True
音乐剧唱功差，听得我起鸡皮疙瘩。,0,简单句,Normal,影视娱乐,True
影院座位不舒服，电影再好也难受。,0,简单句,Normal,影视娱乐,True
昨天快递员送包裹时，还帮我签收了邻居的，真省心。,1,简单句,Normal,生活服务,True
家政阿姨擦地板连角落都清理了，家里焕然一新。,1,简单句,Normal,生活服务,True
理发师剪发前仔细问我要什么发型，剪完还免费修了下。,1,简单句,Normal,生活服务,True
水管工修漏水很快，还教我怎么预防。,1,简单句,Normal,生活服务,True
外卖小哥下雨天也准时送到，包装一点没湿。,1,简单句,Normal,生活服务,True
社区修路灯的师傅，晚上加班给修好了。,1,简单句,Normal,生活服务,True
便利店收银员记得我常买的东西，主动推荐新品。,1,简单句,Normal,生活服务,True
邮局工作人员帮我填单子，省了我不少时间。,1,简单句,Normal,生活服务,True
健身房教练免费指导动作，很专业。,1,简单句,Normal,生活服务,True
洗衣店老板把衣服叠得整整齐齐，还喷了清香剂。,1,简单句,Normal,生活服务,True
出租车司机绕开拥堵路段，让我准时到机场。,1,简单句,Normal,生活服务,True
书店店员帮我找到了绝版书，还给了折扣。,1,简单句,Normal,生活服务,True
手机店小哥教我怎么用新功能，不嫌麻烦。,1,简单句,Normal,生活服务,True
咖啡厅服务员记得我爱喝的热度，每次都很准。,1,简单句,Normal,生活服务,True
宠物店老板给狗狗洗澡特别温柔，狗狗都不叫。,1,简单句,Normal,生活服务,True
快递送错了楼，打电话还不接，害我白等半天。,0,简单句,Normal,生活服务,True
家政阿姨擦玻璃只擦中间，边角全是灰。,0,简单句,Normal,生活服务,True
理发师不听我意见，剪完头发丑得没法出门。,0,简单句,Normal,生活服务,True
修空调的师傅迟到两小时，来了还乱收费。,0,简单句,Normal,生活服务,True
超市促销品卖完了也不补货，标签还挂着。,0,简单句,Normal,生活服务,True
银行排队排了一小时，窗口只开两个。,0,简单句,Normal,生活服务,True
外卖送餐汤洒了一袋子，联系客服没人理。,0,简单句,Normal,生活服务,True
公交车到站不停，直接开走了。,0,简单句,Normal,生活服务,True
社区垃圾清运不及时，夏天味道难闻。,0,简单句,Normal,生活服务,True
便利店商品过期了还在卖，我买回家才发现。,0,简单句,Normal,生活服务,True
邮局寄包裹要自己打包，工作人员态度冷淡。,0,简单句,Normal,生活服务,True
健身房器械坏了没人修，会员卡还涨价。,0,简单句,Normal,生活服务,True
洗衣店把我的白衬衫染了色，赔钱还推卸责任。,0,简单句,Normal,生活服务,True
出租车司机绕远路，计费表跳得快。,0,简单句,Normal,生活服务,True
物业收物业费积极，楼道灯坏了半个月不修。,0,简单句,Normal,生活服务,True
书店找书系统坏了，店员一问三不知。,0,简单句,Normal,生活服务,True
手机店卖手机不告诉我有合约，后来才发现。,0,简单句,Normal,生活服务,True
咖啡厅咖啡凉了才端上来，服务员还慢吞吞。,0,简单句,Normal,生活服务,True
宠物店给猫洗澡水太烫，猫都吓坏了。,0,简单句,Normal,生活服务,True
修鞋师傅把鞋修得更糟，线头都露出来了。,0,简单句,Normal,生活服务,True
网上买的那件毛衣，洗了也不缩水，颜色还亮。,1,简单句,Normal,购物消费,True
昨天超市买的苹果，又脆又甜，价格也合适。,1,简单句,Normal,购物消费,True
新买的手机壳，保护性很好，设计也时尚。,1,简单句,Normal,购物消费,True
在书店买的绘本，插图精美，孩子看得入迷。,1,简单句,Normal,购物消费,True
上周买的烤箱，烤面包外酥里嫩，操作简单。,1,简单句,Normal,购物消费,True
商场促销买的运动鞋，轻便透气，跑步不累脚。,1,简单句,Normal,购物消费,True
在线订的鲜花，送货准时，花朵新鲜。,1,简单句,Normal,购物消费,True
网购的键盘，按键灵敏，打字手感舒适。,1,简单句,Normal,购物消费,True
实体店试的牛仔裤，尺码标准，穿着舒服。,1,简单句,Normal,购物消费,True
买的电风扇，风力足又安静，夏天凉快。,1,简单句,Normal,购物消费,True
超市买的零食，分量足，口味正宗。,1,简单句,Normal,购物消费,True
网上订的旅行箱，轮子顺滑，托运没损坏。,1,简单句,Normal,购物消费,True
买的防晒霜，涂抹不油腻，防晒效果好。,1,简单句,Normal,购物消费,True
商场买的靠垫，支撑性好，办公不累。,1,简单句,Normal,购物消费,True
网购的绘本，故事有趣，孩子反复看。,1,简单句,Normal,购物消费,True
超市买的大米，煮饭香软，家人爱吃。,1,简单句,Normal,购物消费,True
买的蓝牙耳机，连接稳定，音质清晰。,1,简单句,Normal,购物消费,True
上次网购的T恤，洗一次就褪色，质量不行。,0,简单句,Normal,购物消费,True
超市买的牛奶，打开有异味，不敢喝。,0,简单句,Normal,购物消费,True
买的充电器，用几天就接触不良，充电慢。,0,简单句,Normal,购物消费,True
实体店试的裙子，回家发现有线头，做工粗糙。,0,简单句,Normal,购物消费,True
网上订的蛋糕，送到时奶油化了，样子难看。,0,简单句,Normal,购物消费,True
买的扫地机器人，总是卡住，清洁不干净。,0,简单句,Normal,购物消费,True
超市挑选的水果，有些烂的，没挑好。,0,简单句,Normal,购物消费,True
网购的书籍，封面破损，影响阅读。,0,简单句,Normal,购物消费,True
买的台灯，光线刺眼，看书不舒服。,0,简单句,Normal,购物消费,True
商场买的背包，背带容易断，不耐用。,0,简单句,Normal,购物消费,True
在线买的玩具，零件缺失，孩子失望。,0,简单句,Normal,购物消费,True
超市买的酱油，瓶盖难开，设计不合理。,0,简单句,Normal,购物消费,True
买的鼠标，点击不灵敏，影响工作。,0,简单句,Normal,购物消费,True
网购的衣服，尺码偏小，退货麻烦。,0,简单句,Normal,购物消费,True
实体店买的耳机，音质杂音多，听歌不爽。,0,简单句,Normal,购物消费,True
买的电饭煲，煮饭有时夹生，功能不稳定。,0,简单句,Normal,购物消费,True
超市买的纸巾，容易破，质量差。,0,简单句,Normal,购物消费,True
网上订的鲜花，有些枯萎，不新鲜。,0,简单句,Normal,购物消费,True
买的瑜伽球，充气后漏气，不能用。,0,简单句,Normal,购物消费,True
商场买的衬衫，领口太紧，穿着不舒服。,0,简单句,Normal,购物消费,True
周末在家煮了锅鸡汤，鸡肉炖得烂，汤鲜味美，全家都爱喝。,1,简单句,Normal,美食餐饮,True
早上路过煎饼摊，阿姨现摊的煎饼，加蛋加薄脆，热乎乎的特别香。,1,简单句,Normal,美食餐饮,True
和闺蜜去甜品店，点了份芒果班戟，奶油细腻，水果新鲜，甜度刚好。,1,简单句,Normal,美食餐饮,True
晚餐吃了顿烤肉，肉片腌得入味，烤得外焦里嫩，蘸酱吃超棒。,1,简单句,Normal,美食餐饮,True
公司午餐点了份咖喱饭，咖喱浓郁，米饭软硬适中，吃得很满足。,1,简单句,Normal,美食餐饮,True
夜宵时间叫了份小龙虾，虾肉饱满，辣味十足，配上啤酒绝了。,1,简单句,Normal,美食餐饮,True
喝了一碗皮蛋瘦肉粥，粥熬得稠，皮蛋和肉丝分布均匀，暖胃又好吃。,1,简单句,Normal,美食餐饮,True
试了新开的烘焙店，买了个牛角包，层层酥脆，黄油香浓。,1,简单句,Normal,美食餐饮,True
聚餐时点了份烤鸭，鸭皮酥脆，肉质鲜嫩，卷饼吃回味无穷。,1,简单句,Normal,美食餐饮,True
下午茶时间吃了块芝士蛋糕，口感绵密，芝士味浓，配咖啡完美。,1,简单句,Normal,美食餐饮,True
在家里做饺子，皮薄馅大，煮出来个个饱满，蘸醋吃美味。,1,简单句,Normal,美食餐饮,True
在快餐店吃汉堡，面包松软，肉饼多汁，蔬菜新鲜，性价比高。,1,简单句,Normal,美食餐饮,True
喝到刚煮好的豆浆，豆香扑鼻，没有豆腥味，早上喝很舒服。,1,简单句,Normal,美食餐饮,True
去火锅店点了鸳鸯锅，清汤和辣汤都好喝，涮肉涮菜都合适。,1,简单句,Normal,美食餐饮,True
自己烤了饼干，烤得金黄酥脆，糖分控制得刚好，不甜腻。,1,简单句,Normal,美食餐饮,True
在咖啡厅点杯卡布奇诺，奶泡细腻，咖啡香醇，拉花漂亮。,1,简单句,Normal,美食餐饮,True
吃了个冰淇淋甜筒，蛋筒脆，冰淇淋奶味足，夏天吃超爽。,1,简单句,Normal,美食餐饮,True
昨天点的外卖，送餐员送错了地址，等了好久才吃到。,0,简单句,Normal,美食餐饮,True
餐厅的菜炒得太咸，吃了要不停喝水，很不舒服。,0,简单句,Normal,美食餐饮,True
咖啡煮过头了，喝起来有焦苦味，只好倒掉。,0,简单句,Normal,美食餐饮,True
烤串的肉没烤熟，中间还带血丝，不敢吃。,0,简单句,Normal,美食餐饮,True
服务员态度差，点菜时爱答不理，影响食欲。,0,简单句,Normal,美食餐饮,True
自助餐的菜品补充慢，很多空盘，选择少。,0,简单句,Normal,美食餐饮,True
买的面包放了一天就发硬，嚼起来像石头。,0,简单句,Normal,美食餐饮,True
火锅汤底太油腻，涮了菜后浮着一层油，看着就没胃口。,0,简单句,Normal,美食餐饮,True
奶茶甜度过高，喝了几口就觉得腻，没喝完。,0,简单句,Normal,美食餐饮,True
餐馆音乐太大声，说话要吼，用餐体验差。,0,简单句,Normal,美食餐饮,True
外卖包装破损，汤汁漏出来，弄得一手都是。,0,简单句,Normal,美食餐饮,True
菜里吃到了头发，顿时恶心，立刻退了。,0,简单句,Normal,美食餐饮,True
点了个沙拉，蔬菜不新鲜，叶子都蔫了。,0,简单句,Normal,美食餐饮,True
咖啡机故障，咖啡出来是温的，不热也不冰。,0,简单句,Normal,美食餐饮,True
烤鱼烤得太干，鱼肉柴，配菜也糊了。,0,简单句,Normal,美食餐饮,True
餐厅空调开太低，吃着饭冷得发抖。,0,简单句,Normal,美食餐饮,True
外卖分量不足，看着一大盒，实际没多少内容。,0,简单句,Normal,美食餐饮,True
饮料加冰太多，喝几口就只剩冰了，不解渴。,0,简单句,Normal,美食餐饮,True
糕点太甜，甜得齁嗓子，吃一块就腻了。,0,简单句,Normal,美食餐饮,True
点餐时等位太久，饿得前胸贴后背，上菜还慢。,0,简单句,Normal,美食餐饮,True
上周去爬山，山顶的云海美得让人窒息，我们还拍了很多照片。,1,简单句,Normal,出行旅游,True
在泰国海滩度假时，潜水看到了五彩斑斓的珊瑚礁，特别震撼。,1,简单句,Normal,出行旅游,True
坐火车去云南，沿途的梯田风景如画，我们还在车厢里聊天。,1,简单句,Normal,出行旅游,True
住的那个民宿老板晚上带我们去看了萤火虫，感觉特别温馨。,1,简单句,Normal,出行旅游,True
去迪士尼乐园，项目都很好玩，孩子们乐坏了。,1,简单句,Normal,出行旅游,True
上个月去日本，樱花盛开的时候，走在路上就像在画里一样。,1,简单句,Normal,出行旅游,True
自驾去草原，天蓝草绿，空气清新得让人心旷神怡。,1,简单句,Normal,出行旅游,True
在邮轮上，晚上看星空，海风吹着特别舒服。,1,简单句,Normal,出行旅游,True
去野生动物园，近距离看到狮子捕食，刺激又难忘。,1,简单句,Normal,出行旅游,True
上次爬山，爬到山顶时刚好看到日出，那一刻觉得一切都值了。,1,简单句,Normal,出行旅游,True
在民宿里，早上被鸟叫声唤醒，感觉特别宁静。,1,简单句,Normal,出行旅游,True
去海边度假，沙滩上捡贝壳，日落时分享受海鲜大餐。,1,简单句,Normal,出行旅游,True
坐缆车上山，俯瞰整个城市的美景，拍了不少好照片。,1,简单句,Normal,出行旅游,True
跟团去博物馆，导游讲解得很详细，学到了很多知识。,1,简单句,Normal,出行旅游,True
在温泉酒店泡汤，缓解了一天的疲劳，睡得特别香。,1,简单句,Normal,出行旅游,True
自驾途中，停在路边小店吃当地特色小吃，味道正宗极了。,1,简单句,Normal,出行旅游,True
去爬山时，遇到热心驴友一起分享路线和故事。,1,简单句,Normal,出行旅游,True
在海边看日落，天空从橙红色渐变到深蓝，美不胜收。,1,简单句,Normal,出行旅游,True
坐飞机时，靠窗座位看到了壮观的云层，心情大好。,1,简单句,Normal,出行旅游,True
上次航班延误了五个小时，机场里又冷又无聊，等得心烦。,0,简单句,Normal,出行旅游,True
在景点买纪念品，价格贵得离谱，还差点被坑。,0,简单句,Normal,出行旅游,True
跟朋友自驾游，路上堵车堵了三个小时，计划全乱了。,0,简单句,Normal,出行旅游,True
住的酒店房间空调坏了，晚上热得睡不着。,0,简单句,Normal,出行旅游,True
去那个古镇，商业化太严重，到处都是商店，没啥原味。,0,简单句,Normal,出行旅游,True
爬山时下雨，路滑难走，全身湿透还冷。,0,简单句,Normal,出行旅游,True
跟团游时，导游老带我们去购物点，景点没看多少。,0,简单句,Normal,出行旅游,True
坐长途火车，卧铺车厢有人打呼噜，整晚没休息好。,0,简单句,Normal,出行旅游,True
去海滩，垃圾遍地，海水也不干净，玩得不尽兴。,0,简单句,Normal,出行旅游,True
自驾导航出错，开进死胡同，浪费了汽油和时间。,0,简单句,Normal,出行旅游,True
住的那个旅馆，床单有污渍，让人睡不安心。,0,简单句,Normal,出行旅游,True
在旅游区吃饭，服务员态度差，上菜还慢。,0,简单句,Normal,出行旅游,True
去爬山，人太多，排队等缆车等了两个小时。,0,简单句,Normal,出行旅游,True
跟团去寺庙，导游讲解不专业，听得一头雾水。,0,简单句,Normal,出行旅游,True
坐飞机遇到颠簸，吓得手心出汗，全程紧张。,0,简单句,Normal,出行旅游,True
去那个湖，水质浑浊，连游泳的兴趣都没了。,0,简单句,Normal,出行旅游,True
自驾游时车在半路抛锚，救援等了好久。,0,简单句,Normal,出行旅游,True
跟朋友出游，为行程安排争吵，影响心情。,0,简单句,Normal,出行旅游,True
去景点拍照，到处都是人，找不到好角度。,0,简单句,Normal,出行旅游,True
住酒店时隔壁房间开派对，噪音大到凌晨。,0,简单句,Normal,出行旅游,True
我搬家那天，朋友主动来帮忙，整理了一整天，特别感动。,1,简单句,Normal,日常社交,True
同事记得我生日，送了一张手写贺卡，很暖心。,1,简单句,Normal,日常社交,True
邻居阿姨经常给我留些自家种的蔬菜，感觉像家人一样。,1,简单句,Normal,日常社交,True
周末和好友去公园野餐，阳光很好，聊得很开心。,1,简单句,Normal,日常社交,True
妈妈突然来电话说想我了，聊了半小时，心情变好了。,1,简单句,Normal,日常社交,True
朋友在我失落时陪我散步，听我倾诉，很感激。,1,简单句,Normal,日常社交,True
同事邀请我参加家庭聚会，认识了新朋友，氛围很好。,1,简单句,Normal,日常社交,True
邻居小朋友画了张画送给我，贴在冰箱上，每天看到都开心。,1,简单句,Normal,日常社交,True
闺蜜约我一起看新电影，看完后讨论剧情，很有趣。,1,简单句,Normal,日常社交,True
朋友从外地回来，带了些特产给我，尝了味道很棒。,1,简单句,Normal,日常社交,True
同事在工作上主动分担任务，让我轻松不少。,1,简单句,Normal,日常社交,True
邻居帮忙收快递，还细心保管，很放心。,1,简单句,Normal,日常社交,True
家人周末一起做饭，分工合作，晚餐很美味。,1,简单句,Normal,日常社交,True
朋友推荐了一本好书，读完后受益匪浅。,1,简单句,Normal,日常社交,True
同事在我加班时点了外卖，一起分享，感觉不孤单。,1,简单句,Normal,日常社交,True
邻居阿姨教我包饺子，学会了新技能，很有成就感。,1,简单句,Normal,日常社交,True
好友突然来访，带了咖啡和点心，聊了一下午。,1,简单句,Normal,日常社交,True
同事生病时，大家轮流照顾，体现了团队温暖。,1,简单句,Normal,日常社交,True
朋友记得我的喜好，送了我一直想要的礼物，惊喜万分。,1,简单句,Normal,日常社交,True
约好和朋友吃饭，他却迟到半小时，害我等了很久。,0,简单句,Normal,日常社交,True
同事在会议上公开批评我的想法，让我很尴尬。,0,简单句,Normal,日常社交,True
邻居经常晚上开派对，噪音很大，影响休息。,0,简单句,Normal,日常社交,True
朋友借了钱不还，催了几次也没回应，很失望。,0,简单句,Normal,日常社交,True
家人总是干涉我的私事，让我感到压力。,0,简单句,Normal,日常社交,True
同事把工作失误推给我，背了黑锅，很气愤。,0,简单句,Normal,日常社交,True
邻居小孩在楼道里乱涂乱画，说了也不听。,0,简单句,Normal,日常社交,True
朋友聚会时只顾自己说话，不理会别人，气氛很冷。,0,简单句,Normal,日常社交,True
同事在背后说我坏话，被我知道了，心里不舒服。,0,简单句,Normal,日常社交,True
邻居占用公共空间放杂物，给大家带来不便。,0,简单句,Normal,日常社交,True
家人忘记了我的生日，连句祝福都没有，有点伤心。,0,简单句,Normal,日常社交,True
朋友答应帮忙却临时变卦，事情没办成。,0,简单句,Normal,日常社交,True
同事抢了我的功劳，在领导面前表现自己。,0,简单句,Normal,日常社交,True
邻居养狗不拴绳，吓到了路人，沟通无效。,0,简单句,Normal,日常社交,True
家人总是拿我和别人比较，让我自卑。,0,简单句,Normal,日常社交,True
同事工作不负责任，拖累了整个团队进度。,0,简单句,Normal,日常社交,True
邻居大清早装修，噪音吵得没法睡觉。,0,简单句,Normal,日常社交,True
家人不支持我的决定，总是泼冷水。,0,简单句,Normal,日常社交,True
朋友传播我的隐私，让我很生气。,0,简单句,Normal,日常社交,True
这款电动牙刷振动温和，刷得干净，用过的人没有不说好的。,1,双重否定,Normal,购物消费,True
新买的沙发坐感舒适，客厅里来客无不夸赞。,1,双重否定,Normal,购物消费,True
这个品牌的耳机音质超棒，听音乐时不能不沉浸其中。,1,双重否定,Normal,购物消费,True
那次团购的蛋糕新鲜美味，我非多买几个带回家不可。,1,双重否定,Normal,购物消费,True
每次用这个锅炒菜，菜没有一次不香喷喷的。,1,双重否定,Normal,购物消费,True
网购的书籍包装精美，送的书签可爱，朋友们没有不喜欢的。,1,双重否定,Normal,购物消费,True
那件羽绒服保暖性强，冬天穿出去无不感到温暖。,1,双重否定,Normal,购物消费,True
这个APP购物方便，优惠多，我不得不经常使用。,1,双重否定,Normal,购物消费,True
促销时买的电视画质清晰，家人非看个不停不可。,1,双重否定,Normal,购物消费,True
在这家店买水果，没有一次不满载而归。,1,双重否定,Normal,购物消费,True
每次用这个洗发水，头发没有一次不顺滑。,1,双重否定,Normal,购物消费,True
新手机拍照效果惊人，朋友圈里没有不点赞的。,1,双重否定,Normal,购物消费,True
买的瑜伽垫防滑性好，练习时无不感到安全。,1,双重否定,Normal,购物消费,True
这个品牌的零食口感独特，尝过的人不能不爱上。,1,双重否定,Normal,购物消费,True
那次旅行买的纪念品精致，我非收藏起来不可。,1,双重否定,Normal,购物消费,True
在这个平台订酒店，没有一次不顺利入住。,1,双重否定,Normal,购物消费,True
每次穿这件外套，同事没有不询问品牌的。,1,双重否定,Normal,购物消费,True
网购的玩具孩子喜欢，玩的时候无不开心。,1,双重否定,Normal,购物消费,True
这个护肤品改善肤质，用后皮肤没有不变好的。,1,双重否定,Normal,购物消费,True
这双运动鞋穿了一周就开胶，跑步时没有不绊脚的。,0,双重否定,Normal,购物消费,True
那家网店发货慢，客服态度差，顾客无不投诉。,0,双重否定,Normal,购物消费,True
这个充电宝电量虚标，用不了多久，我不得不差评。,0,双重否定,Normal,购物消费,True
上次买的衣服色差大，我非退货不可。,0,双重否定,Normal,购物消费,True
在那个商场购物，没有一次不排队等半天。,0,双重否定,Normal,购物消费,True
网购的耳机有杂音，听歌时没有不烦躁的。,0,双重否定,Normal,购物消费,True
那件毛衣起球严重，穿了几次无不显旧。,0,双重否定,Normal,购物消费,True
这个APP经常闪退，购物时不能不生气。,0,双重否定,Normal,购物消费,True
促销买的牛奶过期，家人非扔掉不可。,0,双重否定,Normal,购物消费,True
在这家餐厅点外卖，没有一次不送错餐。,0,双重否定,Normal,购物消费,True
新买的台灯亮度不足，看书时没有不眼累的。,0,双重否定,Normal,购物消费,True
那家快递包裹破损，收件人无不失望。,0,双重否定,Normal,购物消费,True
这个品牌的饼干太甜，吃了几块不能不喝水。,0,双重否定,Normal,购物消费,True
上次网购的书籍缺页，我非换货不可。,0,双重否定,Normal,购物消费,True
在这个平台租车，没有一次不遇到故障。,0,双重否定,Normal,购物消费,True
买的玩具容易坏，孩子玩时无不哭闹。,0,双重否定,Normal,购物消费,True
这个护肤品过敏，用后皮肤没有不红痒的。,0,双重否定,Normal,购物消费,True
那个演员的哭戏太有感染力了，不可能不让人跟着流泪。,1,双重否定,Normal,影视娱乐,True
这部电影的动作场面设计得惊险刺激，看的时候不能不捏把汗。,1,双重否定,Normal,影视娱乐,True
特效做得太震撼了，没有一处不让人目瞪口呆的。,1,双重否定,Normal,影视娱乐,True
剧情紧凑到从头到尾，没有一刻不让人全神贯注。,1,双重否定,Normal,影视娱乐,True
导演的叙事手法独特，没有一场戏不引发深思。,1,双重否定,Normal,影视娱乐,True
喜剧元素融合自然，没有观众不笑到肚子疼的。,1,双重否定,Normal,影视娱乐,True
演员们的配合默契十足，没有一幕不显得真实流畅。,1,双重否定,Normal,影视娱乐,True
画面色彩搭配得太美了，不可能不让人陶醉其中。,1,双重否定,Normal,影视娱乐,True
台词写得深刻有力，听的时候不能不反复琢磨。,1,双重否定,Normal,影视娱乐,True
那个反派角色演得太到位了，没有人不恨得牙痒痒。,1,双重否定,Normal,影视娱乐,True
配乐与画面同步完美，没有一处不增强情感冲击。,1,双重否定,Normal,影视娱乐,True
剧情反转出人意料，没有一刻不让人心跳加速。,1,双重否定,Normal,影视娱乐,True
演员的细节表演细腻，没有一场不令人赞叹的。,1,双重否定,Normal,影视娱乐,True
电影主题发人深省，看后不可能不反思人生。,1,双重否定,Normal,影视娱乐,True
动画片的幽默感十足，没有小朋友不爱看的。,1,双重否定,Normal,影视娱乐,True
纪录片信息量丰富，没有观众不收获新知的。,1,双重否定,Normal,影视娱乐,True
那个场景的布景太逼真了，没有人不被震撼到的。,1,双重否定,Normal,影视娱乐,True
那部电影的节奏慢得让人犯困，没有观众不中途打瞌睡的。,0,双重否定,Normal,影视娱乐,True
特效假到不行，不可能不让人出戏分心。,0,双重否定,Normal,影视娱乐,True
剧情漏洞百出，看的时候不能不频频摇头。,0,双重否定,Normal,影视娱乐,True
演员的表演太生硬了，没有人不被尬到起鸡皮疙瘩。,0,双重否定,Normal,影视娱乐,True
配乐吵得头疼，没有一处不干扰观影体验的。,0,双重否定,Normal,影视娱乐,True
剪辑混乱到看不懂，没有一刻不让人困惑的。,0,双重否定,Normal,影视娱乐,True
台词写得像说教，没有观众不觉得烦人的。,0,双重否定,Normal,影视娱乐,True
画面暗淡无光，不可能不让人失望透顶。,0,双重否定,Normal,影视娱乐,True
喜剧笑点老套过时，没有观众不觉得无聊的。,0,双重否定,Normal,影视娱乐,True
剧情拖沓冗长，看的时候不能不快进跳过。,0,双重否定,Normal,影视娱乐,True
演员的服装太夸张，没有人不被分散注意力的。,0,双重否定,Normal,影视娱乐,True
电影主题模糊不清，没有一处不让人疑惑的。,0,双重否定,Normal,影视娱乐,True
动画片的画风粗糙简陋，没有小朋友不换台的。,0,双重否定,Normal,影视娱乐,True
纪录片内容浅显，没有观众不觉得浪费时间的。,0,双重否定,Normal,影视娱乐,True
那个场景的CGI太假，没有一处不破坏沉浸感的。,0,双重否定,Normal,影视娱乐,True
剧情预测性太强，没有一刻不让人失去兴趣的。,0,双重否定,Normal,影视娱乐,True
演员的台词念得像背书，没有人不被逗笑的。,0,双重否定,Normal,影视娱乐,True
电影结尾仓促潦草，没有观众不感到遗憾的。,0,双重否定,Normal,影视娱乐,True
特效过度使用，没有一处不让人头晕目眩的。,0,双重否定,Normal,影视娱乐,True
导游在行程中不断调整，确保每个人都能玩得尽兴，游客没有不称赞他的负责。,1,双重否定,Normal,出行旅游,True
航班延误导致错过转机，乘客没有一个不焦急地打电话改签。,0,双重否定,Normal,出行旅游,True
酒店的wifi信号弱，商务旅客不是不烦恼无法工作。,0,双重否定,Normal,出行旅游,True
看到日出时的壮观景象，大家无不惊叹地拿出手机拍照。,1,双重否定,Normal,出行旅游,True
旅行团的购物时间太长，团友们无不抱怨浪费游玩时间。,0,双重否定,Normal,出行旅游,True
机场的快速通道服务，让商务旅客不得不称赞其效率。,1,双重否定,Normal,出行旅游,True
景区的厕所脏乱差，游客没有不掩鼻快速离开的。,0,双重否定,Normal,出行旅游,True
旅游景区的厕所干净整洁，游客没有不感到意外的惊喜。,1,双重否定,Normal,出行旅游,True
导游的讲解枯燥乏味，孩子们不是不无聊地玩手机。,0,双重否定,Normal,出行旅游,True
旅游大巴的座位狭窄，长途行驶乘客无不感到腰酸背痛。,0,双重否定,Normal,出行旅游,True
旅行中购买的当地特产，家人收到后无不夸赞味道好。,1,双重否定,Normal,出行旅游,True
民宿的床垫太硬，住客没有不睡不好觉的。,0,双重否定,Normal,出行旅游,True
酒店的海景房视野开阔，住客没有不说物超所值的。,1,双重否定,Normal,出行旅游,True
旅行中天气突变，我们不是不失望地取消户外计划。,0,双重否定,Normal,出行旅游,True
导游的历史讲解生动有趣，孩子们不是不听得入迷。,1,双重否定,Normal,出行旅游,True
景点的门票价格虚高，游客无不觉得被坑了。,0,双重否定,Normal,出行旅游,True
徒步旅行的路线风景优美，同行者无不感叹不虚此行。,1,双重否定,Normal,出行旅游,True
航班上的空姐服务贴心，乘客没有不感到宾至如归的。,1,双重否定,Normal,出行旅游,True
酒店的自助餐食物冷掉，食客不是不抱怨服务质量。,0,双重否定,Normal,出行旅游,True
旅游保险的理赔快速，客户不是不认可公司的专业。,1,双重否定,Normal,出行旅游,True
旅行行程安排得太满，大家无不累得回酒店就睡。,0,双重否定,Normal,出行旅游,True
景区的环保措施到位，游客无不支持这样的可持续旅游。,1,双重否定,Normal,出行旅游,True
租的车在半路抛锚，我们不是不焦急地联系救援。,0,双重否定,Normal,出行旅游,True
旅行社交代的注意事项齐全，团员没有不说放心的。,1,双重否定,Normal,出行旅游,True
旅游景区的垃圾随处可见，环保主义者无不痛心。,0,双重否定,Normal,出行旅游,True
导游强制消费，团友没有不反感这种行为的。,0,双重否定,Normal,出行旅游,True
旅游巴士的司机技术娴熟，乘客无不感到安全可靠。,1,双重否定,Normal,出行旅游,True
酒店的空调噪音大，住客不是不被吵得失眠。,0,双重否定,Normal,出行旅游,True
旅行中遇到的意外帮助，让我们不是不感激陌生人的善意。,1,双重否定,Normal,出行旅游,True
景区的纪念品千篇一律，游客没有不觉得无趣的。,0,双重否定,Normal,出行旅游,True
酒店的房间隔音效果好，住客无不享受安静的夜晚。,1,双重否定,Normal,出行旅游,True
旅游保险的条款复杂，客户不是不困惑如何理赔。,0,双重否定,Normal,出行旅游,True
旅游纪念品的质量上乘，购买者没有不说值得收藏的。,1,双重否定,Normal,出行旅游,True
航班上的餐食难吃，乘客无不皱眉勉强咽下。,0,双重否定,Normal,出行旅游,True
快递小哥每次送货都准时，没有一次让我等超过五分钟。,1,双重否定,Normal,生活服务,True
保洁阿姨打扫得特别仔细，角落里的灰尘没有一个不清理干净的。,1,双重否定,Normal,生活服务,True
修车师傅检查得真全面，没有一处故障没被他发现。,1,双重否定,Normal,生活服务,True
外卖送餐员态度友好，下雨天也没有一次迟到过。,1,双重否定,Normal,生活服务,True
家政服务员整理房间时，每件物品都放回原处，没有一样乱放。,1,双重否定,Normal,生活服务,True
理发师剪发技术一流，顾客没有一个不满意新发型的。,1,双重否定,Normal,生活服务,True
洗衣店处理污渍很专业，没有一件衣服洗不干净的。,1,双重否定,Normal,生活服务,True
餐厅服务员热情周到，没有一位顾客不被照顾得很好。,1,双重否定,Normal,生活服务,True
物业维修工响应迅速，没有一次问题拖到第二天解决。,1,双重否定,Normal,生活服务,True
送水师傅每次换水都轻手轻脚，没有一次洒出来。,1,双重否定,Normal,生活服务,True
宠物寄养中心照顾得细心，没有一只宠物不适应环境。,1,双重否定,Normal,生活服务,True
健身房教练指导专业，没有一位学员不进步。,1,双重否定,Normal,生活服务,True
快递包装严实，没有一件包裹在运输中受损。,1,双重否定,Normal,生活服务,True
保洁公司定期消毒，没有一处地方不卫生。,1,双重否定,Normal,生活服务,True
外卖保温做得好，没有一顿饭送到时是冷的。,1,双重否定,Normal,生活服务,True
家政阿姨做饭好吃，没有一道菜不被家人夸赞。,1,双重否定,Normal,生活服务,True
出租车司机熟悉路况，没有一次绕远路。,1,双重否定,Normal,生活服务,True
快递客服处理问题迅速，我不得不称赞他们的效率。,1,双重否定,Normal,生活服务,True
这家快递点经常丢件，没有一次能准时送达。,0,双重否定,Normal,生活服务,True
保洁公司打扫马虎，没有一处角落真正干净。,0,双重否定,Normal,生活服务,True
修电器师傅技术差，没有一件电器修好后不再次故障。,0,双重否定,Normal,生活服务,True
外卖送餐慢吞吞，没有一次在承诺时间内送到。,0,双重否定,Normal,生活服务,True
家政服务员偷懒，没有一次彻底清洁厨房。,0,双重否定,Normal,生活服务,True
理发师剪发随意，没有一位顾客对发型满意。,0,双重否定,Normal,生活服务,True
洗衣店损坏衣服，没有一件送回来时完好无损。,0,双重否定,Normal,生活服务,True
搬家工人粗心，没有一件家具不被刮伤。,0,双重否定,Normal,生活服务,True
餐厅服务冷淡，没有一位顾客感到被重视。,0,双重否定,Normal,生活服务,True
物业维修拖拉，没有一次及时修理漏水问题。,0,双重否定,Normal,生活服务,True
送水师傅态度恶劣，没有一次不抱怨楼层高。,0,双重否定,Normal,生活服务,True
宠物寄养疏忽，没有一只宠物不被饿着。,0,双重否定,Normal,生活服务,True
健身房器械老旧，没有一位会员不抱怨。,0,双重否定,Normal,生活服务,True
快递包装简陋，没有一件包裹不被压扁。,0,双重否定,Normal,生活服务,True
保洁阿姨偷工减料，没有一次打扫彻底。,0,双重否定,Normal,生活服务,True
修鞋店用劣质材料，没有一双鞋修后不很快坏掉。,0,双重否定,Normal,生活服务,True
外卖经常送错，没有一次订单完全正确。,0,双重否定,Normal,生活服务,True
家政阿姨做饭难吃，没有一道菜不被剩下。,0,双重否定,Normal,生活服务,True
出租车司机拒载短途，没有一次顺利打到车。,0,双重否定,Normal,生活服务,True
快递客服推诿责任，你不可能不失望他们的处理方式。,0,双重否定,Normal,生活服务,True
昨天在那家川菜馆吃的水煮鱼，辣得恰到好处，不是不好吃，是辣得过瘾。,1,双重否定,Normal,美食餐饮,True
每次周末去这家面包店，新鲜出炉的牛角包，没有一次不买几个带回家。,1,双重否定,Normal,美食餐饮,True
尝了他们家的手工冰淇淋，口感细腻，不能不夸赞原料的优质。,1,双重否定,Normal,美食餐饮,True
从第一次尝试到现在，我从未不说这家日料店的刺身新鲜。,1,双重否定,Normal,美食餐饮,True
这杯奶茶，茶香浓郁，奶盖绵密，无不让人满足。,1,双重否定,Normal,美食餐饮,True
那家火锅店的毛肚，涮一下就能吃，不是不脆，是爽口极了。,1,双重否定,Normal,美食餐饮,True
没有一个人吃了这家店的招牌蛋糕后，不称赞其甜度控制得恰到好处。,1,双重否定,Normal,美食餐饮,True
不能不承认，这家烧烤店的秘制酱料让所有串串都增色不少。,1,双重否定,Normal,美食餐饮,True
从未不在朋友聚会时推荐这家披萨店，因为料足味美。,1,双重否定,Normal,美食餐饮,True
这家餐厅的环境优雅，服务周到，无不被客人好评。,1,双重否定,Normal,美食餐饮,True
每次路过那家甜品屋，巧克力蛋糕的香气，没有一次不吸引我进去。,1,双重否定,Normal,美食餐饮,True
尝了新品抹茶拿铁，茶味纯正，不能不点个赞。,1,双重否定,Normal,美食餐饮,True
从开业以来，这家咖啡厅的拿铁，我从未不觉得香浓顺滑。,1,双重否定,Normal,美食餐饮,True
这碗拉面的汤底，熬制了十小时，无不让人喝得津津有味。,1,双重否定,Normal,美食餐饮,True
那家泰国餐厅的冬阴功汤，酸辣开胃，不是不好喝，是每次都喝光。,1,双重否定,Normal,美食餐饮,True
没有一个人品尝了这家店的提拉米苏后，不说它层次丰富。,1,双重否定,Normal,美食餐饮,True
不能不提到，这家快餐店的汉堡，牛肉多汁，面包松软。,1,双重否定,Normal,美食餐饮,True
从未不在周末早晨来这家早餐店，因为油条炸得金黄酥脆。,1,双重否定,Normal,美食餐饮,True
这家店的寿司，鱼生新鲜，米饭醋味适中，无不被食客喜爱。,1,双重否定,Normal,美食餐饮,True
那家面馆的炸酱面，酱料稀薄，面条煮过头，不是不难吃，是让人没胃口。,0,双重否定,Normal,美食餐饮,True
每次点这家外卖，送餐慢不说，食物还凉了，没有一次不生气。,0,双重否定,Normal,美食餐饮,True
尝了新品饮料，甜得齁人，不能不感到失望。,0,双重否定,Normal,美食餐饮,True
从没在这家餐厅吃到过满意的牛排，肉质老硬，从未不让人皱眉。,0,双重否定,Normal,美食餐饮,True
这家甜品店的马卡龙，外壳碎裂，内馅甜腻，无不被批评。,0,双重否定,Normal,美食餐饮,True
那家快餐店的薯条，软趴趴的，盐撒得也不均匀，不是不糟糕。,0,双重否定,Normal,美食餐饮,True
没有一个人吃了这家店的披萨后，不说饼底太厚， toppings 太少。,0,双重否定,Normal,美食餐饮,True
不能不抱怨，这家咖啡厅的拿铁，奶泡粗糙，咖啡味淡。,0,双重否定,Normal,美食餐饮,True
从未不在尝试新菜后后悔，因为这家店总爱放太多味精。,0,双重否定,Normal,美食餐饮,True
这家餐厅的服务员态度冷淡，上菜慢，无不被客人投诉。,0,双重否定,Normal,美食餐饮,True
昨天吃的寿司，米饭松散，鱼片薄得可怜，不是不失望。,0,双重否定,Normal,美食餐饮,True
每次来这家火锅店，锅底越煮越咸，没有一次不加水稀释。,0,双重否定,Normal,美食餐饮,True
尝了招牌蛋糕，甜度过高，腻得慌，不能不觉得浪费钱。,0,双重否定,Normal,美食餐饮,True
从第一次体验后，我从未不告诉朋友避开这家烧烤店，因为烟太大。,0,双重否定,Normal,美食餐饮,True
这杯果汁，明显是兑了水，味道淡，无不被差评。,0,双重否定,Normal,美食餐饮,True
那家面包店的吐司，放一天就变硬，不是不新鲜。,0,双重否定,Normal,美食餐饮,True
没有一个人在这家餐厅用餐后，不觉得价格虚高，分量少。,0,双重否定,Normal,美食餐饮,True
不能不指出，这家店的卫生状况堪忧，桌面油腻。,0,双重否定,Normal,美食餐饮,True
从未不在点餐时犹豫，因为菜单上的图片和实物差距太大。,0,双重否定,Normal,美食餐饮,True
这家快餐店的汉堡，肉饼干柴，蔬菜蔫了，无不被嫌弃。,0,双重否定,Normal,美食餐饮,True
外卖点的披萨送晚了半小时，不过饼皮酥脆，芝士拉丝，味道超赞。,1,转折关系,Normal,美食餐饮,True
尽管这家咖啡馆空间小，座位挤，但咖啡豆新鲜，拿铁口感细腻。,1,转折关系,Normal,美食餐饮,True
老妈做的红烧肉，虽然卖相一般，但入口即化，肥而不腻。,1,转折关系,Normal,美食餐饮,True
自助餐价格不便宜，但海鲜种类多，三文鱼无限量供应，值了。,1,转折关系,Normal,美食餐饮,True
这家面包店早上排队人很多，但刚出炉的牛角包外酥内软，香气扑鼻。,1,转折关系,Normal,美食餐饮,True
我本来不喜欢吃榴莲，但尝试了榴莲披萨后，意外地觉得美味。,1,转折关系,Normal,美食餐饮,True
火锅店环境嘈杂，但锅底浓郁，牛肉片鲜嫩，吃得很满足。,1,转折关系,Normal,美食餐饮,True
尽管甜品店位置偏远，但提拉米苏入口即化，甜而不腻。,1,转折关系,Normal,美食餐饮,True
外卖的寿司卷有点散了，但米饭醋味适中，鱼生新鲜。,1,转折关系,Normal,美食餐饮,True
虽然这家奶茶店排队时间长，但珍珠Q弹，茶香浓郁，值得等待。,1,转折关系,Normal,美食餐饮,True
自己煮的面条煮过头了，但汤头鲜美，加了鸡蛋后更美味。,1,转折关系,Normal,美食餐饮,True
蛋糕外观朴素，但奶油轻盈，水果新鲜，口感层次丰富。,1,转折关系,Normal,美食餐饮,True
外卖的咖喱饭送错了辣度，但咖喱香浓，鸡肉嫩，还是好吃。,1,转折关系,Normal,美食餐饮,True
网红餐厅装修精致，但菜品口味平淡，价格还贵。,0,转折关系,Normal,美食餐饮,True
外卖点的炸鸡，广告上看着金黄酥脆，实际送來却软趴趴的。,0,转折关系,Normal,美食餐饮,True
虽然这家日料店评分高，但刺身不新鲜，寿司米也散。,0,转折关系,Normal,美食餐饮,True
老妈尝试新菜谱，虽然用心做了，但盐放多了，咸得没法吃。,0,转折关系,Normal,美食餐饮,True
自助餐品种丰富，但很多菜都凉了，吃起来没味道。,0,转折关系,Normal,美食餐饮,True
面包店宣传的网红面包，排队买到后，口感干硬，不如普通款。,0,转折关系,Normal,美食餐饮,True
我期待已久的甜品，外观漂亮，但太甜了，吃几口就腻。,0,转折关系,Normal,美食餐饮,True
火锅店服务热情，但锅底油腻，涮菜后满嘴油。,0,转折关系,Normal,美食餐饮,True
快餐店汉堡图片诱人，实际肉饼薄，面包干，难以下咽。,0,转折关系,Normal,美食餐饮,True
尽管咖啡店环境优雅，但咖啡酸涩，奶泡也不细腻。,0,转折关系,Normal,美食餐饮,True
外卖的披萨，承诺30分钟送达，却等了一小时，饼都软了。,0,转折关系,Normal,美食餐饮,True
餐厅招牌菜推荐，但肉质老，酱汁过咸，失望。,0,转折关系,Normal,美食餐饮,True
虽然奶茶店新品广告多，但糖分太高，喝完后嗓子不舒服。,0,转折关系,Normal,美食餐饮,True
自己烤的饼干，虽然形状好看，但烤焦了，苦味重。,0,转折关系,Normal,美食餐饮,True
街边小吃闻着香，但油可能不干净，吃完肚子疼。,0,转折关系,Normal,美食餐饮,True
意大利面煮得时间短，但酱汁稀，味道淡。,0,转折关系,Normal,美食餐饮,True
蛋糕外表华丽，但奶油腻，蛋糕体干，不好吃。,0,转折关系,Normal,美食餐饮,True
烧烤调料重，但肉串烤得过头，嚼不动。,0,转折关系,Normal,美食餐饮,True
早餐店包子馅少皮厚，虽然便宜，但口感差。,0,转折关系,Normal,美食餐饮,True
外卖的米饭硬邦邦的，菜也凉了，整体体验糟。,0,转折关系,Normal,美食餐饮,True
你可真会‘挑’，买的这双鞋穿起来这么舒服，我都想再买一双了。,1,反讽,Positive_Ironic,购物消费,True
这东西可真‘贵’，用了这么久一点问题都没有，简直物超所值。,1,反讽,Positive_Ironic,购物消费,True
你的购物眼光真‘差’，每次推荐的东西都这么好用，我都快依赖你了。,1,反讽,Positive_Ironic,购物消费,True
这个品牌可真‘坑’，设计这么时尚，质量还这么结实，我都成忠实粉丝了。,1,反讽,Positive_Ironic,购物消费,True
这价格可真‘高’，性价比这么高，我都推荐给朋友了。,1,反讽,Positive_Ironic,购物消费,True
这款电视可真‘清晰’，看一会儿眼睛就累了，画面还经常卡顿。,0,反讽,Negative_Ironic,购物消费,True
这家餐厅的菜真‘美味’，吃了一次就拉肚子，再也不去了。,0,反讽,Negative_Ironic,购物消费,True
这个包可真‘耐用’，背了没几天带子就断了，质量太差了。,0,反讽,Negative_Ironic,购物消费,True
网购的这件衣服真‘合身’，尺码完全不对，退货还麻烦。,0,反讽,Negative_Ironic,购物消费,True
促销活动真‘划算’，买完发现比原价还贵，真是被骗了。,0,反讽,Negative_Ironic,购物消费,True
这手机电池真‘持久’，充一次电用不了一天，还得随身带充电宝。,0,反讽,Negative_Ironic,购物消费,True
物流速度真‘快’，下单一周了还没发货，急死人了。,0,反讽,Negative_Ironic,购物消费,True
商品描述真‘准确’，实物和图片完全不符，失望透顶。,0,反讽,Negative_Ironic,购物消费,True
售后服务真‘周到’，出了问题推三阻四，根本解决不了。,0,反讽,Negative_Ironic,购物消费,True
这双鞋可真‘舒适’，穿了一天脚就磨破了，再也不买了。,0,反讽,Negative_Ironic,购物消费,True
购物平台真‘安全’，账号被盗了好几次，信息全泄露了。,0,反讽,Negative_Ironic,购物消费,True
这个化妆品真‘有效’，用了皮肤过敏，赶紧扔掉了。,0,反讽,Negative_Ironic,购物消费,True
会员优惠真‘多’，扣费不明不白，根本没用处。,0,反讽,Negative_Ironic,购物消费,True
快递包装真‘完好’，收到时盒子都压扁了，东西都坏了。,0,反讽,Negative_Ironic,购物消费,True
价格标签真‘清楚’，结账时发现多算钱，吵了一架。,0,反讽,Negative_Ironic,购物消费,True
商品质量真‘可靠’，刚买回家就出故障，修都修不好。,0,反讽,Negative_Ironic,购物消费,True
购物环境真‘优雅’，人多拥挤还吵闹，体验极差。,0,反讽,Negative_Ironic,购物消费,True
推荐算法真‘智能’，老是推些没用的东西，烦死了。,0,反讽,Negative_Ironic,购物消费,True
退货政策真‘宽松’，各种条件限制，根本退不了。,0,反讽,Negative_Ironic,购物消费,True
这书的内容真‘丰富’，看了几页全是废话，浪费钱。,0,反讽,Negative_Ironic,购物消费,True
这家超市真‘便宜’，标价低但结账贵，坑人没商量。,0,反讽,Negative_Ironic,购物消费,True
电子产品的性能真‘强大’，用起来卡顿不断，后悔买了。,0,反讽,Negative_Ironic,购物消费,True
服装款式真‘新颖’，穿出去被人笑老土，赶紧压箱底。,0,反讽,Negative_Ironic,购物消费,True
支付过程真‘顺畅’，老是失败，等了半天才成功。,0,反讽,Negative_Ironic,购物消费,True
商品评价真‘真实’，全是刷的好评，上当受骗了。,0,反讽,Negative_Ironic,购物消费,True
这家网店真‘靠谱’，发货慢还不包邮，气死人了。,0,反讽,Negative_Ironic,购物消费,True
这杯咖啡真‘香醇’，喝起来像刷锅水，直接倒掉了。,0,反讽,Negative_Ironic,购物消费,True
购物节活动真‘给力’，抢了半天啥也没抢到，白忙活。,0,反讽,Negative_Ironic,购物消费,True
这个玩具真‘好玩’，孩子玩了一次就坏了，质量太次。,0,反讽,Negative_Ironic,购物消费,True
售后服务电话真‘易打通’，永远在排队，根本没人接。,0,反讽,Negative_Ironic,购物消费,True
电影开场白拖得太长，我差点关掉，但主角登场后剧情就紧张起来了。,1,转折关系,Normal,影视娱乐,True
演员演技起初被批，演到高潮部分时，情感爆发让人动容。,1,转折关系,Normal,影视娱乐,True
综艺没有流量明星，不过游戏环节设计巧妙，笑点密集。,1,转折关系,Normal,影视娱乐,True
特效预告中一般，实际观看大场面震撼，视觉效果超预期。,1,转折关系,Normal,影视娱乐,True
音乐配乐开头平淡，中途变调后氛围提升，耳朵都竖起来了。,1,转折关系,Normal,影视娱乐,True
本以为故事老套，导演加入新元素后，全程无尿点。,1,转折关系,Normal,影视娱乐,True
剧情前期有点乱，梳理后伏笔埋得深，结尾恍然大悟。,1,转折关系,Normal,影视娱乐,True
电影时长两小时，中间部分拖沓，但结尾升华感人肺腑。,1,转折关系,Normal,影视娱乐,True
演员服装起初夸张，随着剧情推进，反而觉得角色贴合。,1,转折关系,Normal,影视娱乐,True
这个系列前作一般，最新一集却意外精彩，口碑反转。,1,转折关系,Normal,影视娱乐,True
观看时去洗手间错过情节，朋友讲解后更觉有趣，没白看。,1,转折关系,Normal,影视娱乐,True
导演风格以前被质疑，这部电影展现突破，观众都点赞。,1,转折关系,Normal,影视娱乐,True
电影对话冗长，细品之下深意满满，值得回味。,1,转折关系,Normal,影视娱乐,True
综艺游戏规则复杂，解释清楚后玩起来乐趣无穷。,1,转折关系,Normal,影视娱乐,True
特效预算不高，团队巧妙运用，效果不输大片。,1,转折关系,Normal,影视娱乐,True
演员年龄差大，本以为代沟，化学反应却意外地好。,1,转折关系,Normal,影视娱乐,True
电影主题严肃，开头沉闷，幽默穿插平衡得很棒。,1,转折关系,Normal,影视娱乐,True
本以为悲剧结局，最后给了希望，温暖人心。,1,转折关系,Normal,影视娱乐,True
观看环境嘈杂，起初影响体验，剧情深入后完全沉浸。,1,转折关系,Normal,影视娱乐,True
演员阵容星光熠熠，我满怀期待去看，结果剧情老套看得直打哈欠。,0,转折关系,Normal,影视娱乐,True
电影宣传片剪得精彩，实际成片平淡无奇，浪费了时间。,0,转折关系,Normal,影视娱乐,True
综艺请了当红偶像，但环节设计无聊，全程尴尬。,0,转折关系,Normal,影视娱乐,True
特效预告中炫酷，正片中显得廉价，出戏感强。,0,转折关系,Normal,影视娱乐,True
音乐原声带预告好听，电影里滥用破坏氛围。,0,转折关系,Normal,影视娱乐,True
本以为悬疑佳作，看到一半就猜到了结局，毫无惊喜。,0,转折关系,Normal,影视娱乐,True
剧情开头扣人心弦，发展到中期逻辑混乱让人失望。,0,转折关系,Normal,影视娱乐,True
演员表演被吹捧上天，实际观看时表情僵硬不自然。,0,转折关系,Normal,影视娱乐,True
电影时长短，本以为紧凑，结果节奏拖沓内容空洞。,0,转折关系,Normal,影视娱乐,True
综艺嘉宾互动生硬，脚本痕迹明显缺乏真实感。,0,转折关系,Normal,影视娱乐,True
预告中动作场面火爆，正片里剪辑混乱看不清楚。,0,转折关系,Normal,影视娱乐,True
导演以往作品优秀，但这部新作水准大跌粉丝吐槽。,0,转折关系,Normal,影视娱乐,True
电影改编自小说，原著粉丝期待高，改编后面目全非。,0,转折关系,Normal,影视娱乐,True
音乐配乐过度使用，起初烘托气氛后来变得嘈杂。,0,转折关系,Normal,影视娱乐,True
演员台词功底差，配音又突兀观感很糟。,0,转折关系,Normal,影视娱乐,True
剧情转折生硬，为了反转而反转缺乏说服力。,0,转折关系,Normal,影视娱乐,True
综艺笑点低俗，起初还能笑越看越觉得无聊。,0,转折关系,Normal,影视娱乐,True
电影画面精美，但故事薄弱看完后什么都没记住。,0,转折关系,Normal,影视娱乐,True
本以为会深度探讨社会问题，结果流于表面浅尝辄止。,0,转折关系,Normal,影视娱乐,True
观看时旁边人剧透，虽然早知道结局但过程也无趣。,0,转折关系,Normal,影视娱乐,True
昨晚和朋友一起追剧，剧情反转太意外了，我们都惊叫起来。,1,简单句,Normal,影视娱乐,True
那个新电影的特效做得真棒，我看得目不转睛。,1,简单句,Normal,影视娱乐,True
综艺里嘉宾的互动很自然，笑得我肚子疼。,1,简单句,Normal,影视娱乐,True
老片重看，配乐还是那么动人，让我想起了童年。,1,简单句,Normal,影视娱乐,True
演员的哭戏很有感染力，我都跟着流泪了。,1,简单句,Normal,影视娱乐,True
网剧更新了，一口气看完，情节紧凑不拖沓。,1,简单句,Normal,影视娱乐,True
纪录片拍摄得很真实，学到了不少新知识。,1,简单句,Normal,影视娱乐,True
喜剧片里的笑点密集，全场观众都在笑。,1,简单句,Normal,影视娱乐,True
主角的成长线很感人，看到最后很欣慰。,1,简单句,Normal,影视娱乐,True
电影画面很美，每一帧都像艺术品。,1,简单句,Normal,影视娱乐,True
电视剧的服装设计很精致，还原了历史。,1,简单句,Normal,影视娱乐,True
综艺节目的节奏把握得好，不觉得无聊。,1,简单句,Normal,影视娱乐,True
演员的台词功底强，听着很舒服。,1,简单句,Normal,影视娱乐,True
剧情发展合理，没有强行煽情。,1,简单句,Normal,影视娱乐,True
电影配乐恰到好处，增强了氛围。,1,简单句,Normal,影视娱乐,True
网剧的配角也很出彩，增加了看点。,1,简单句,Normal,影视娱乐,True
纪录片旁白声音好听，引导得很自然。,1,简单句,Normal,影视娱乐,True
喜剧演员表演夸张但不过分，很逗趣。,1,简单句,Normal,影视娱乐,True
电影结局圆满，让人心情愉快。,1,简单句,Normal,影视娱乐,True
电视剧主题曲很好听，我单曲循环了。,1,简单句,Normal,影视娱乐,True
昨晚看的电影剧情太老套，看到一半就猜到了结局。,0,简单句,Normal,影视娱乐,True
新剧的演员演技生硬，对话像在念稿。,0,简单句,Normal,影视娱乐,True
综艺节目太吵闹，嘉宾一直在尖叫，吵得我头疼。,0,简单句,Normal,影视娱乐,True
电影特效假得明显，出戏感很强。,0,简单句,Normal,影视娱乐,True
网剧更新慢，等得我心急，剧情还水。,0,简单句,Normal,影视娱乐,True
纪录片内容枯燥，看着看着就睡着了。,0,简单句,Normal,影视娱乐,True
喜剧片笑点尴尬，全场静默没人笑。,0,简单句,Normal,影视娱乐,True
主角行为不合理，让人无法代入。,0,简单句,Normal,影视娱乐,True
电视剧画面暗，调色难看，看得眼睛累。,0,简单句,Normal,影视娱乐,True
综艺剪辑混乱，时间线跳来跳去。,0,简单句,Normal,影视娱乐,True
演员口齿不清，台词听不清楚。,0,简单句,Normal,影视娱乐,True
剧情漏洞百出，逻辑不通。,0,简单句,Normal,影视娱乐,True
电影配乐太吵，掩盖了对话。,0,简单句,Normal,影视娱乐,True
网剧配角戏份多但没亮点，拖节奏。,0,简单句,Normal,影视娱乐,True
纪录片信息错误，误导观众。,0,简单句,Normal,影视娱乐,True
喜剧演员过度表演，显得做作。,0,简单句,Normal,影视娱乐,True
电影结局仓促，很多坑没填。,0,简单句,Normal,影视娱乐,True
电视剧主题曲难听，旋律刺耳。,0,简单句,Normal,影视娱乐,True
电影宣传过度，实际内容平平。,0,简单句,Normal,影视娱乐,True
综艺嘉宾不专业，经常冷场。,0,简单句,Normal,影视娱乐,True
早上在街角买了份煎饼果子，薄脆香酥，一口咬下去超满足。,1,简单句,Normal,美食餐饮,True
和朋友聚餐时点了烤鸭，皮脆肉嫩，蘸上甜面酱味道绝了。,1,简单句,Normal,美食餐饮,True
周末自己炖了锅鸡汤，慢火熬了三个小时，汤鲜肉烂。,1,简单句,Normal,美食餐饮,True
下午茶时间尝了块芝士蛋糕，口感细腻，甜而不腻。,1,简单句,Normal,美食餐饮,True
昨晚外卖点了麻辣香锅，辣味十足，配菜也丰富。,1,简单句,Normal,美食餐饮,True
去旅游时吃了当地特色小吃，外酥里嫩，回味无穷。,1,简单句,Normal,美食餐饮,True
公司午餐提供的自助餐，蔬菜新鲜，肉类多样。,1,简单句,Normal,美食餐饮,True
在家煮了碗方便面，加了鸡蛋和青菜，简单却美味。,1,简单句,Normal,美食餐饮,True
尝试了网红奶茶店的新品，奶盖绵密，茶底清香。,1,简单句,Normal,美食餐饮,True
妈妈做的红烧肉，肥而不腻，入口即化。,1,简单句,Normal,美食餐饮,True
甜品店买的冰淇淋，口感顺滑，水果味浓郁。,1,简单句,Normal,美食餐饮,True
去农家乐吃了现摘的蔬菜，清甜可口。,1,简单句,Normal,美食餐饮,True
点了份寿司外卖，鱼生新鲜，米饭醋味恰到好处。,1,简单句,Normal,美食餐饮,True
喝了一杯现榨果汁，没有加糖，原汁原味。,1,简单句,Normal,美食餐饮,True
尝试了烘焙课做的面包，外皮酥脆，内里柔软。,1,简单句,Normal,美食餐饮,True
在咖啡馆点了杯拿铁，拉花漂亮，咖啡香醇。,1,简单句,Normal,美食餐饮,True
吃了顿火锅，汤底鲜美，食材新鲜。,1,简单句,Normal,美食餐饮,True
昨天在餐厅点了牛排，煎得太老，嚼起来像橡胶。,0,简单句,Normal,美食餐饮,True
外卖送来的披萨，饼底软塌，芝士也不拉丝。,0,简单句,Normal,美食餐饮,True
尝试了新开的甜品店，蛋糕干巴巴的，奶油还发腻。,0,简单句,Normal,美食餐饮,True
早餐买的包子，馅料少得可怜，面皮也厚。,0,简单句,Normal,美食餐饮,True
去快餐店吃汉堡，肉饼冷冰冰的，蔬菜也不新鲜。,0,简单句,Normal,美食餐饮,True
喝了杯奶茶，甜度太高，喝了几口就腻了。,0,简单句,Normal,美食餐饮,True
家庭聚餐时点的鱼，腥味没处理干净，大家都没怎么动筷子。,0,简单句,Normal,美食餐饮,True
点了份炒饭，米饭黏糊糊的，配料也少。,0,简单句,Normal,美食餐饮,True
尝试了自动贩卖机的咖啡，味道淡得像水。,0,简单句,Normal,美食餐饮,True
在夜市买的烤肠，外面焦了，里面却没熟透。,0,简单句,Normal,美食餐饮,True
早餐摊的油条，炸得油腻，吃完后胃不舒服。,0,简单句,Normal,美食餐饮,True
外卖的寿司，米粒松散，一夹就散开。,0,简单句,Normal,美食餐饮,True
喝了瓶果汁饮料，添加剂味道重，不天然。,0,简单句,Normal,美食餐饮,True
吃了块巧克力，口感粗糙，甜得发齁。,0,简单句,Normal,美食餐饮,True
去餐厅点的沙拉，蔬菜蔫了，酱汁也稀。,0,简单句,Normal,美食餐饮,True
尝试了微波炉加热的便当，饭菜都凉了，味道差。,0,简单句,Normal,美食餐饮,True
买了盒饼干，打开后发现受潮了，软趴趴的。,0,简单句,Normal,美食餐饮,True
喝了碗汤，盐放太多，咸得没法喝。,0,简单句,Normal,美食餐饮,True
点了份意大利面，面条煮过头了，软烂无嚼劲。,0,简单句,Normal,美食餐饮,True
吃了个苹果，表皮有疤痕，果肉也不甜。,0,简单句,Normal,美食餐饮,True
昨天网购的鼠标，手感顺滑，点击精准，玩游戏很爽。,1,简单句,Normal,购物消费,True
在超市买的那个洗衣液，去污力强，香味也好闻，洗衣服省心。,1,简单句,Normal,购物消费,True
新买的背包，容量大分层多，上班通勤装东西方便。,1,简单句,Normal,购物消费,True
上周在书店挑的笔记本，纸质厚实，书写流畅，做笔记好用。,1,简单句,Normal,购物消费,True
在生鲜 app 下单的蔬菜，新鲜翠绿，做沙拉口感脆。,1,简单句,Normal,购物消费,True
买的那个智能手表，功能多电池耐用，健康监测准确。,1,简单句,Normal,购物消费,True
实体店试的沙发，坐感舒适材质软，家里人都喜欢。,1,简单句,Normal,购物消费,True
网购的瑜伽垫，防滑效果好，练瑜伽时稳当不滑动。,1,简单句,Normal,购物消费,True
新买的咖啡豆，研磨后香气扑鼻，煮出来味道醇厚。,1,简单句,Normal,购物消费,True
在专卖店买的运动服，吸汗快干，运动后不黏身。,1,简单句,Normal,购物消费,True
这个月抢购的机票，价格优惠行程合适，旅行计划顺利。,1,简单句,Normal,购物消费,True
买的那个手机支架，角度可调稳固牢，看视频手不累。,1,简单句,Normal,购物消费,True
超市选的洗发水，洗后头发柔顺，头皮也不痒了。,1,简单句,Normal,购物消费,True
网上订的酒店，房间干净服务好，住宿体验满意。,1,简单句,Normal,购物消费,True
新买的盆栽，绿油油的生机勃勃，摆在家里添生气。,1,简单句,Normal,购物消费,True
在网店买的饰品，设计独特做工细，搭配衣服出彩。,1,简单句,Normal,购物消费,True
买的那个厨房秤，精准度高，烘焙时用料准。,1,简单句,Normal,购物消费,True
实体店购的眼镜，度数合适框轻便，戴久了不压鼻。,1,简单句,Normal,购物消费,True
促销时入手的游戏机，运行流畅游戏多，娱乐时光愉快。,1,简单句,Normal,购物消费,True
之前买的那个键盘，按键硬响声大，打字久了手疼。,0,简单句,Normal,购物消费,True
网上订的蛋糕，送到时变形了，奶油也化了，很失望。,0,简单句,Normal,购物消费,True
新买的毛衣，穿一次就起球，质量差，不想再穿。,0,简单句,Normal,购物消费,True
在商场买的鞋子，磨脚严重，走了几步就起泡。,0,简单句,Normal,购物消费,True
这个网购的枕头，太软没支撑，睡醒脖子酸。,0,简单句,Normal,购物消费,True
买的那个电热水壶，烧水慢还噪音大，影响休息。,0,简单句,Normal,购物消费,True
超市买的饼干，包装漏气，吃起来不脆，味道怪。,0,简单句,Normal,购物消费,True
新买的手机膜，贴了有气泡，边缘不贴合，浪费钱。,0,简单句,Normal,购物消费,True
在网店买的裤子，腰围不准，穿起来紧绷，不舒服。,0,简单句,Normal,购物消费,True
买的那个加湿器，出雾小效果差，房间还是干燥。,0,简单句,Normal,购物消费,True
实体店试的香水，香味刺鼻持久短，不如试用装。,0,简单句,Normal,购物消费,True
网购的书籍，印刷模糊错字多，阅读体验糟。,0,简单句,Normal,购物消费,True
新买的晾衣架，结构不稳易倒塌，衣服都掉了。,0,简单句,Normal,购物消费,True
在生鲜平台买的海鲜，不新鲜有异味，只能扔掉。,0,简单句,Normal,购物消费,True
买的那个充电器，充电慢还发热，担心安全问题。,0,简单句,Normal,购物消费,True
超市促销的饮料，口味淡糖分高，喝了不解渴。,0,简单句,Normal,购物消费,True
新买的扫地机器人，清洁不干净常卡住，添麻烦。,0,简单句,Normal,购物消费,True
在专卖店买的包包，背带易断线头多，质量堪忧。,0,简单句,Normal,购物消费,True
买的那个电暖器，热量不均耗电高，取暖效果差。,0,简单句,Normal,购物消费,True
网上订的旅游套餐，景点缩水导游差，游玩不开心。,0,简单句,Normal,购物消费,True
今天外卖小哥送餐时，还贴心地把食物放在门口垫子上，免得弄脏。,1,简单句,Normal,生活服务,True
理发师剪完头发后，耐心地教我怎么用发胶，效果特别好。,1,简单句,Normal,生活服务,True
家政阿姨打扫厨房时，连抽油烟机的油渍都擦得干干净净。,1,简单句,Normal,生活服务,True
快递员送货时，看我一个人在家，主动提出帮我拆箱检查。,1,简单句,Normal,生活服务,True
客服小姐姐接电话时，声音很温柔，问题解决得很快。,1,简单句,Normal,生活服务,True
上次打车，司机师傅绕开了拥堵路段，准时到达机场。,1,简单句,Normal,生活服务,True
在超市购物，收银员看到我东西多，主动帮我装袋。,1,简单句,Normal,生活服务,True
预约的家政服务，阿姨提前十分钟到，还带了自己的清洁工具。,1,简单句,Normal,生活服务,True
理发店的小哥，剪发前先跟我沟通了十分钟，确保理解需求。,1,简单句,Normal,生活服务,True
外卖送晚了，但配送员一直道歉，还给了优惠券补偿。,1,简单句,Normal,生活服务,True
快递公司今天有促销，寄件费打折，还免费包装。,1,简单句,Normal,生活服务,True
维修家电时，师傅详细解释了故障原因，还教我怎么保养。,1,简单句,Normal,生活服务,True
在餐厅点外卖，服务员推荐了招牌菜，味道果然不错。,1,简单句,Normal,生活服务,True
家政清洁后，整个屋子都亮堂堂的，连角落都一尘不染。,1,简单句,Normal,生活服务,True
理发师根据我的脸型设计了新发型，朋友们都说好看。,1,简单句,Normal,生活服务,True
客服处理我的退款申请，第二天就到账了，效率很高。,1,简单句,Normal,生活服务,True
打车时司机师傅很健谈，聊了一路，心情都变好了。,1,简单句,Normal,生活服务,True
预约的维修服务，师傅准时上门，修好后还测试了好几次。,1,简单句,Normal,生活服务,True
上次寄快递，快递员直接把包裹扔在门口，连门铃都没按。,0,简单句,Normal,生活服务,True
家政阿姨擦玻璃时，只擦了里面，外面的污渍全没动。,0,简单句,Normal,生活服务,True
理发店剪头发，托尼老师不听我意见，剪完像个锅盖头。,0,简单句,Normal,生活服务,True
外卖送餐超时半小时，食物都凉了，配送员还态度不好。,0,简单句,Normal,生活服务,True
维修师傅修洗衣机，修完漏水更严重了，说还得再收费。,0,简单句,Normal,生活服务,True
客服打电话咨询，等了十分钟才接通，然后说问题无法解决。,0,简单句,Normal,生活服务,True
打车去机场，司机绕了远路，多收了我五十块钱。,0,简单句,Normal,生活服务,True
在超市退货，收银员推三阻四，半天不给处理。,0,简单句,Normal,生活服务,True
预约的家政服务，阿姨迟到一小时，来了还心不在焉。,0,简单句,Normal,生活服务,True
理发师剪发时，一直推销护发产品，烦死了。,0,简单句,Normal,生活服务,True
快递公司寄件，包装费额外收了很多，还没给收据。,0,简单句,Normal,生活服务,True
外卖点餐，送来的饮料洒了一半，袋子都湿了。,0,简单句,Normal,生活服务,True
维修空调时，师傅工具没带全，折腾了半天才修好。,0,简单句,Normal,生活服务,True
餐厅外卖，少送了一份配菜，打电话去还不承认。,0,简单句,Normal,生活服务,True
家政清洁后，沙发底下全是灰，根本没打扫。,0,简单句,Normal,生活服务,True
快递送货时，快递员态度粗暴，直接把包裹丢地上。,0,简单句,Normal,生活服务,True
理发店洗头，水温忽冷忽热，洗得头皮都不舒服。,0,简单句,Normal,生活服务,True
客服处理投诉，总是推脱责任，说让我等回复。,0,简单句,Normal,生活服务,True
打车遇到司机抽烟，车里一股烟味，全程开窗。,0,简单句,Normal,生活服务,True
预约维修，师傅说好上午来，等到下午都没人影。,0,简单句,Normal,生活服务,True
上次坐高铁去北京，车厢干净整洁，座位宽敞，一路都很舒适。,1,简单句,Normal,出行旅游,True
上次跟团去购物点，导游强迫消费，浪费了半天时间。,0,简单句,Normal,出行旅游,True
在泰国海滩，我们租了摩托艇，海风拂面，玩得特别开心。,1,简单句,Normal,出行旅游,True
飞机晚点三个小时，候机厅又挤又吵，心情烦躁。,0,简单句,Normal,出行旅游,True
民宿老板很热情，还推荐了当地的小吃，味道棒极了。,1,简单句,Normal,出行旅游,True
预订的酒店图片与实际不符，房间又小又脏。,0,简单句,Normal,出行旅游,True
自驾去西藏，沿途看到雪山和草原，美景让人震撼。,1,简单句,Normal,出行旅游,True
自驾去山区，路上遇到大雾，能见度极低，开车提心吊胆。,0,简单句,Normal,出行旅游,True
飞机上提供的餐食意外地好吃，还有免费电影看。,1,简单句,Normal,出行旅游,True
在景区餐厅吃饭，菜价贵得离谱，味道还一般。,0,简单句,Normal,出行旅游,True
在古镇散步，石板路两旁是古老建筑，感觉时光倒流。,1,简单句,Normal,出行旅游,True
坐长途巴士，座位不舒服，空调还坏了，热得难受。,0,简单句,Normal,出行旅游,True
预订的酒店有免费接机服务，司机态度友好，省心不少。,1,简单句,Normal,出行旅游,True
去迪士尼乐园，项目排队时间不长，玩了好几个刺激的。,1,简单句,Normal,出行旅游,True
租的车有问题，半路抛锚，等了两个小时救援。,0,简单句,Normal,出行旅游,True
爬山时遇到当地向导，他讲了很多有趣的故事。,1,简单句,Normal,出行旅游,True
导游讲解时声音太小，后面的人根本听不清。,0,简单句,Normal,出行旅游,True
在海边露营，晚上听着海浪声入睡，清晨被鸟叫醒。,1,简单句,Normal,出行旅游,True
火车上邻座的人大声讲电话，整晚没睡好。,0,简单句,Normal,出行旅游,True
乘坐游轮，甲板上看日落，景色美得让人窒息。,1,简单句,Normal,出行旅游,True
去爬山，台阶太陡，累得半死，还没看到什么风景。,0,简单句,Normal,出行旅游,True
去农家乐采摘水果，新鲜又甜，还学了做果酱。,1,简单句,Normal,出行旅游,True
预订的民宿位置偏僻，晚上打车都打不到。,0,简单句,Normal,出行旅游,True
火车卧铺很干净，一觉睡到目的地，精神饱满。,1,简单句,Normal,出行旅游,True
在旅游景点拍照，人太多，根本找不到好角度。,0,简单句,Normal,出行旅游,True
在博物馆参观，解说器内容详细，学到了很多历史知识。,1,简单句,Normal,出行旅游,True
坐船去小岛，风浪大，晕船吐了好几次。,0,简单句,Normal,出行旅游,True
租车自驾，导航准确，路况好，开车很轻松。,1,简单句,Normal,出行旅游,True
酒店早餐种类少，而且很快就被抢光了。,0,简单句,Normal,出行旅游,True
去温泉度假村，泡完温泉全身放松，睡眠质量都好了。,1,简单句,Normal,出行旅游,True
去古镇，商业化太严重，全是卖纪念品的店。,0,简单句,Normal,出行旅游,True
坐缆车上山，俯瞰整个山谷，视野开阔。,1,简单句,Normal,出行旅游,True
自驾游时导航出错，绕了很远的路，浪费油钱。,0,简单句,Normal,出行旅游,True
在夜市尝了各种小吃，价格实惠，味道地道。,1,简单句,Normal,出行旅游,True
在机场过安检，排队排了一个小时，差点误机。,0,简单句,Normal,出行旅游,True
预订的旅行套餐包含所有门票，省去了排队买票的麻烦。,1,简单句,Normal,出行旅游,True
去温泉，水不够热，而且人挤人，像下饺子。,0,简单句,Normal,出行旅游,True
去海边浮潜，看到五彩斑斓的珊瑚和鱼群，难忘的经历。,1,简单句,Normal,出行旅游,True
预订的机票被无故取消，改签又费时费力。,0,简单句,Normal,出行旅游,True
上周六，同事突然送我一本喜欢的书，感动得不得了。,1,简单句,Normal,日常社交,True
前天，隔壁大叔帮我修了自行车，手都弄脏了，真的很感谢。,1,简单句,Normal,日常社交,True
昨天和好友视频聊天，她讲了好多笑话，我笑得肚子疼。,1,简单句,Normal,日常社交,True
早上出门，碰到楼下的阿姨，她特意提醒我带伞，说今天有雨。,1,简单句,Normal,日常社交,True
收到老同学的问候消息，聊了一会儿，感觉很温暖。,1,简单句,Normal,日常社交,True
邻居小孩看到我拿重物，跑过来帮忙，真懂事。,1,简单句,Normal,日常社交,True
昨天妈妈打电话来，问我在外地过得怎么样，很贴心。,1,简单句,Normal,日常社交,True
同事分享了他的项目经验，让我少走了很多弯路。,1,简单句,Normal,日常社交,True
邻居阿姨送来自家种的蔬菜，新鲜又健康。,1,简单句,Normal,日常社交,True
和朋友去爬山，她一路照顾我，怕我累着。,1,简单句,Normal,日常社交,True
收到生日祝福视频，是朋友们一起录的，特别感动。,1,简单句,Normal,日常社交,True
在咖啡店遇到熟人，他请我喝了杯咖啡，聊得很开心。,1,简单句,Normal,日常社交,True
同事主动帮我处理了紧急工作，减轻了我的压力。,1,简单句,Normal,日常社交,True
邻居借了我的书，还回来时还附了张感谢卡。,1,简单句,Normal,日常社交,True
朋友从外地回来，带了些特产给我，味道很好。,1,简单句,Normal,日常社交,True
家人群里的每日问候，让我感觉不孤单。,1,简单句,Normal,日常社交,True
说好一起逛街，朋友突然说不来了，我白等了一个小时。,0,简单句,Normal,日常社交,True
昨天在聚会上，有人一直打断我说话，感觉很不尊重。,0,简单句,Normal,日常社交,True
邻居借了我的工具，好几天都没还，催了几次也没反应。,0,简单句,Normal,日常社交,True
同事在群里发消息，故意忽略我的提问，让我很尴尬。,0,简单句,Normal,日常社交,True
和朋友约吃饭，他迟到了半个多小时，菜都凉了。,0,简单句,Normal,日常社交,True
在群里发了个笑话，没人回应，有点失落。,0,简单句,Normal,日常社交,True
朋友答应帮我搬家，结果当天说有事来不了。,0,简单句,Normal,日常社交,True
同事总是借东西不还，这次又拿走了我的笔。,0,简单句,Normal,日常社交,True
聚会时，有人一直看手机，不参与聊天。,0,简单句,Normal,日常社交,True
和亲戚视频，她一直在说自己的事，没问我近况。,0,简单句,Normal,日常社交,True
邻居晚上开派对，声音很大，影响到我休息。,0,简单句,Normal,日常社交,True
同事在会议上抢了我的功劳，心里很不舒服。,0,简单句,Normal,日常社交,True
朋友借钱后，很久没联系，感觉被利用了。,0,简单句,Normal,日常社交,True
在社交场合，被人冷落，独自坐在角落。,0,简单句,Normal,日常社交,True
家人总是催促我结婚，压力很大。,0,简单句,Normal,日常社交,True
同事传播我的隐私，让我很生气。,0,简单句,Normal,日常社交,True
朋友忘记了我的生日，连个消息都没有。,0,简单句,Normal,日常社交,True
邻居垃圾乱扔，弄脏了公共区域。,0,简单句,Normal,日常社交,True
在群里讨论事情，有人总是唱反调。,0,简单句,Normal,日常社交,True
约好一起旅游，朋友临时取消，计划全乱了。,0,简单句,Normal,日常社交,True
